Catalog#,Artist,Title,Label,Format,Rating,Released,release_id,CollectionFolder,Date Added,Collection Media Condition,Collection Sleeve Condition,Collection Notes
"PIASL017LP, 962.A024.010",Florent Marchet,Bambi Galaxy,"[PIAS] Le Label, [PIAS] Le Label","LP, Tra + CD, Album",4,2014,5374380,Vinyls - Unclassified,2017-12-08 01:20:57,Near Mint (NM or M-),Near Mint (NM or M-),
CAD 2809CD,Bon Iver,"For Emma, Forever Ago",4AD,"CD, Album, RP",,2008,4021178,CD To Sell,2017-01-11 13:42:24,,,
CAD 3202,Mark Lanegan Band,Blues Funeral,4AD,"2xLP, Album, Dar",4,2012,3381268,Vinyls - Folk,2017-10-13 10:43:30,Near Mint (NM or M-),Near Mint (NM or M-),
CAD 3202CD,Mark Lanegan Band,Blues Funeral,4AD,"CD, Album, Dig",4,2012,3390628,CD To Sell,2017-01-11 13:26:50,Near Mint (NM or M-),Near Mint (NM or M-),
CAD 2732CD,Beirut,The Flying Club Cup,"4AD, Ba Da Bing!","CD, Album, Dig",,2007,1098051,CD To Sell,2017-01-11 13:36:58,,,
00602557141559,Soundgarden,Badmotorfinger,A&M Records,"LP + LP, S/Sided, Etch + Album, RE, RM, Len",4,2016,9379952,Vinyls - Hard-Rock,2017-12-06 05:01:57,Near Mint (NM or M-),Near Mint (NM or M-),
0602537789818,Soundgarden,Superunknown,A&M Records,"2xLP, Album, RE, RM, 180",4,2014,5757840,Vinyls - Hard-Rock,2017-02-14 05:00:16,Mint (M),Mint (M),
AMLH 68537,Nine Below Zero,Third Degree,A&M Records,"LP, Album",,1982,3830791,Vinyls - Classic Rock,2017-08-19 06:10:49,Very Good Plus (VG+),Very Good (VG),
AMP 737,Extreme (2),Get The Funk Out,A&M Records,"12"", Pic, Single, Ltd",3,1990,2490543,Vinyls To Sell,2016-12-28 14:55:48,Very Good Plus (VG+),Generic,
"625 059, 625059",Peter Frampton,Show Me The Way,"A&M Records, A&M Records","7"", Single",,1976,2110205,7'',2017-08-05 05:32:26,Very Good Plus (VG+),Good Plus (G+),
"875.077, 875.078",Peter Frampton,Frampton Comes Alive,"A&M Records, A&M Records","2xLP, Album",4,1976,4449612,Vinyls - Classic Rock,2017-08-19 06:12:23,Very Good (VG),Very Good (VG),
535 407-6,T. Rex,Electric Warrior,"A&M Records, Universal Music Catalogue","LP, Album, RE, 180",4,2014,6271897,Vinyls - Classic Rock,2017-12-22 11:53:47,Near Mint (NM or M-),Very Good Plus (VG+),Corner Ding.
606949329013,Eminem,The Eminem Show,"Aftermath Entertainment, Interscope Records, Shady Records, Web Entertainment","2xLP, Album, RE",4,2013,5191929,Vinyls - Unclassified,2017-06-14 12:55:17,Near Mint (NM or M-),Mint (M),
0602498646717,Eminem,Encore,"Aftermath Entertainment, Shady Records, Interscope Records, Web Entertainment","2xCD, Album",3,2004,1038433,CD To Sell,2017-01-08 09:02:08,,,
CA 1618033992,"MoriArty (3) With Wayne Standley, Don Cavalli, Moriba Koïta & Mama Rosin",Fugitives,Air Rytmo,"2xCD, Album, S/Edition",3,2013,6977031,CD - Folk,2017-01-11 13:44:31,,,
ALIVE 0126-1,Radio Moscow (2),The Great Escape Of Leslie Magnafuzz,Alive Records,"LP, Album, Ltd, Pin",3,2011,5503741,Vinyls - Revival Rock,2017-05-13 06:35:17,Near Mint (NM or M-),Near Mint (NM or M-),Bought In Concert. Signed !
"30 AM 6043, 6043, AM 6043",Creedence Clearwater Revival,Cosmo's Factory,"America Records, Fantasy, Fantasy","LP, Album, RE, Gat",4,1971,3948451,Vinyls - Classic Rock,2017-05-25 10:43:35,Very Good (VG),Very Good (VG),
50-51011-6037-2-3,Slayer,Reign In Blood,American Recordings,"CD, Album, RE, RM, Exp",5,2006,784876,CD - Thrash Metal,2017-01-08 11:59:14,,,
50-51011-6040-2-7,Slayer,South Of Heaven,American Recordings,"CD, Album, RE",5,2006,1096568,CD - Thrash Metal,2017-01-10 13:14:48,,,
88697125742,Slayer,Christ Illusion,American Recordings,"CD, Album, RE",4,2007,2307409,CD - Thrash Metal,2017-01-22 04:18:01,,,
B0017381-01,ZZ Top,La Futura,American Recordings,"2x12"", Album, 180",5,2012,3981082,Vinyls - Southern Rock / Country,2017-05-15 12:13:17,Near Mint (NM or M-),Near Mint (NM or M-),
B0018857-01,Slayer,World Painted Blood,American Recordings,"LP, Album, RE",4,2013,5231852,Vinyls - Metal,2017-09-05 05:25:34,Near Mint (NM or M-),Near Mint (NM or M-),Reçu le 13/09/2017.
"44300-1, 1-44300 (#1)",Slayer,Christ Illusion,"American Recordings, American Recordings","LP, Album, Red",4,2006,2595846,Vinyls - Metal,2017-05-05 03:27:18,Very Good Plus (VG+),Near Mint (NM or M-),
"838 487-2, 838 487 - 2",Danzig,Danzig,"American Recordings, American Recordings","CD, Album, RE",4,0,2499875,CD - Hard-Rock,2017-01-08 12:43:45,,,
"9 45647-1, 1-45647",Danzig,Danzig 4P,"American Recordings, American Recordings","LP, Album",5,1994,921649,Vinyls - Hard-Rock,2017-08-23 05:21:28,Very Good Plus (VG+),Very Good Plus (VG+),Cracklings and surface noise.
"501534 2, 5015342000, COL 501534 2",System Of A Down,Toxicity,"American Recordings, American Recordings, Columbia","CD, Album",5,2001,370466,CD - Modern Hard-Rock & Metal,2017-01-09 13:45:51,,,
063 339-2,Johnny Cash,American IV: The Man Comes Around,"American Recordings, Lost Highway","CD, Album",4,2002,426777,CD To Sell,2017-01-10 13:07:13,Near Mint (NM or M-),Near Mint (NM or M-),
2C 066 04177,The Beatles,Sgt. Pepper's Lonely Hearts Club Band,Apple Records,"LP, Album, RE, Gat",,1978,1745394,Vinyls - Classic Rock,2017-08-23 11:40:10,Very Good (VG),Good Plus (G+),"Insert was cut. Some pin holes. And name written inside the gatefold. Otherwise, sleeve is in good condition."
"2C 066 04243, 2C 066-04.243",The Beatles,Abbey Road,"Apple Records, Apple Records","LP, Album, RE",,1978,2319446,Vinyls - Classic Rock,2017-08-23 11:54:31,Very Good (VG),Very Good Plus (VG+),Many surface marks.
82876 52905 2,OutKast,Speakerboxxx / The Love Below,"Arista, BMG","2xCD, Album",3,2003,4569040,CD To Sell,2017-01-08 12:31:17,,,
74321-80268-2,Dido,No Angel,"Arista, Cheeky Records, BMG","CD, Album, Dis",,2000,8993208,CD To Sell,2017-01-08 09:17:30,,,
ADMCD510,Pride & Glory,Pride & Glory,Armoury Records,"2xCD, Album, RE, RM",4,0,3689794,CD - Hard-Rock,2017-01-09 13:30:46,,,
"ARMCD519, GAS0000519AMY",Black Label Society,Mafia,"Armoury Records, Eagle Rock Entertainment","CD, Album",4,2005,3899704,CD - Hard-Rock,2017-01-22 04:20:35,,,
RCD 17309,Black Label Society,Mafia,"Artemis Records, Rykodisc","CD, Album",4,2005,1493303,CD - Hard-Rock,2017-01-08 12:06:45,,,
"K 53 051, AS 53051, 7E-1084",Eagles,Hotel California,"Asylum Records, Asylum Records, Asylum Records","LP, Album, RE",4,0,1108643,Vinyls - Classic Rock,2016-12-30 14:25:22,Good Plus (G+),Very Good (VG),
7567-91758-2,Pantera,Vulgar Display Of Power,ATCO Records,"CD, Album",4,0,7224243,CD - Thrash Metal,2017-01-10 13:20:24,,,
0920078,Led Zeppelin,Led Zeppelin,Atlantic,"LP, Album",5,1970,6715799,Vinyls - Classic Rock,2017-10-22 09:08:36,Very Good (VG),Very Good (VG),Don Patrick Ibarra
1-530446,The Sheepdogs,The Sheepdogs,Atlantic,"LP, Album + CD, Album",4,2012,7543694,Vinyls - Revival Rock,2016-12-03 11:57:01,Near Mint (NM or M-),Near Mint (NM or M-),Signed. Bought In Lille At La Péniche.
10 156,Led Zeppelin,Rock And Roll / Four Sticks,Atlantic,"7"", Single",,1972,2354266,7'',2017-08-02 12:52:02,Near Mint (NM or M-),Very Good Plus (VG+),
40 033,"Crosby, Stills & Nash","Crosby, Stills & Nash",Atlantic,"LP, RE",,1973,429190,Vinyls - Folk,2016-12-19 12:56:28,Very Good Plus (VG+),Very Good Plus (VG+),
50.009,Yes,Fragile,Atlantic,"LP, Album, Gat",,1972,1966161,Vinyls - Prog Rock,2016-12-19 13:14:34,Poor (P),Fair (F),
7567-81936-2,Skid Row,Skid Row,Atlantic,"CD, Album, RP",5,0,5021895,CD - Hard-Rock,2017-01-10 08:40:57,,,
7567-82242-2,Skid Row,Slave To The Grind,Atlantic,"CD, Album",4,1991,1167918,CD - Hard-Rock,2017-01-10 03:28:17,,,
7567-82730-2,Skid Row,Subhuman Race,Atlantic,"CD, Album, Dig",2,1995,867878,CD To Sell,2017-01-11 13:25:11,,,
7567-83061-2,Led Zeppelin,BBC Sessions,Atlantic,"2xCD, Album",4,1997,2060046,CD - Hard-Rock,2017-01-08 09:28:13,,,
7567-89900-4,Shinedown,The Sound Of Madness,Atlantic,"CD, Album, Enh",3,2008,7445678,CD To Sell,2017-01-08 08:43:34,,,
80 001,Yes,Tales From Topographic Oceans,Atlantic,"2xLP, Album",,1973,1966167,Vinyls - Prog Rock,2016-12-19 13:08:42,Very Good Plus (VG+),,
ATL 40 022,Iron Butterfly,In-A-Gadda-Da-Vida,Atlantic,"LP, Album, RP",2,0,3594015,Vinyls - Classic Rock,2016-12-30 14:13:04,Very Good Plus (VG+),Very Good Plus (VG+),
ATL 50 002,Led Zeppelin,Led Zeppelin III,Atlantic,"LP, Album",4,0,6027168,Vinyls - Classic Rock,2017-02-20 04:28:23,Very Good Plus (VG+),Very Good Plus (VG+),
ATL 50 366,AC/DC,Let There Be Rock,Atlantic,"LP, Album",4,1977,6323652,Vinyls - Hard-Rock,2016-11-20 11:24:24,Very Good Plus (VG+),Very Good Plus (VG+),
ATL 50 628,AC/DC,Highway To Hell,Atlantic,"LP, Album, RE",5,0,6353294,Vinyls - Hard-Rock,2016-11-20 11:29:13,Very Good Plus (VG+),Very Good (VG),
N° 50008,Led Zeppelin,Untitled,Atlantic,"LP, Album, Gre",,1971,5542283,Vinyls - Classic Rock,2016-12-19 13:00:36,Fair (F),Poor (P),
"50 001, SD 7200","Crosby, Stills, Nash & Young",Déjà Vu,"Atlantic, Atlantic","LP, Album, RE, Gat",4,0,2173999,Vinyls - Classic Rock,2017-05-31 09:34:32,Very Good Plus (VG+),Very Good (VG),
"50 012, 50012",Yes,Close To The Edge,"Atlantic, Atlantic","LP, Album, Gat",4,1972,1830209,Vinyls - Prog Rock,2016-12-03 12:10:10,Very Good (VG),Good (G),
"WX 57, 781 650-1",AC/DC,Who Made Who,"Atlantic, Atlantic","LP, Album, Comp",,1986,6478843,Vinyls - Hard-Rock,2016-11-20 11:27:43,,,
781 936-1,Skid Row,Skid Row,"Atlantic, Underground (13)","LP, Album",4,1989,543487,Vinyls - Hard-Rock,2016-11-20 12:56:40,Very Good Plus (VG+),Very Good Plus (VG+),
none,Jameson Burt,Carnivore,"Auditorius, BMG Chrysalis","CD, EP",,2014,7913187,CD - Folk,2017-01-06 13:30:16,,,
BOBV364LP,Sahg,Delusions Of Grandeur,Back On Black,"LP, Album, Ltd, Blu",5,2014,5289508,Vinyls - Hard-Rock,2017-02-09 06:42:22,Mint (M),Mint (M),
837 773-1,Noir Désir,Veuillez Rendre L'Âme (À Qui Elle Appartient),Barclay,"LP, Album",4,1989,865326,Vinyls - Unclassified,2016-12-29 13:52:07,Good Plus (G+),Very Good Plus (VG+),
BELLACD190,Andrew Bird,Noble Beast,Bella Union,"CD, Album",,2009,1654007,CD - Folk,2017-01-11 13:38:23,,,
BELLAV128,Midlake,Head Home,Bella Union,"7"", Single, Whi",,2006,4926343,7'',2017-08-05 05:21:39,Near Mint (NM or M-),Very Good Plus (VG+),
SB 18007,Metallica,Kill 'Em All,Bernett Records,"LP, Album",4,1983,1955315,Vinyls - Metal,2016-11-20 12:23:42,Very Good (VG),Very Good (VG),
BVR0001,Rebel Meets Rebel,Rebel Meets Rebel,Big Vin Records,"CD, Album",2,2006,1502731,CD To Sell,2017-01-10 12:40:57,,,
0602517906075,Guns N' Roses,Chinese Democracy,"Black Frog, Geffen Records","CD, Album",3,2008,1559664,CD - Hard-Rock,2017-01-10 12:11:53,,,
00602557156416,Metallica,Hardwired...To Self-Destruct,Blackened Recordings,"2xLP, Album, Gat",3,2016,9360801,Vinyls - Metal,2016-12-25 13:41:00,Near Mint (NM or M-),Near Mint (NM or M-),
BS 236 LP,The Yawpers,American Man,Bloodshot Records,"LP, Album",4,2015,7664953,Vinyls - Revival Rock,2017-05-05 00:55:37,Near Mint (NM or M-),Near Mint (NM or M-),
BS190,Scott H. Biram,Bad Ingredients,Bloodshot Records,"LP, Album",5,2011,3183972,Vinyls - Southern Rock / Country,2017-02-26 05:09:45,Near Mint (NM or M-),Near Mint (NM or M-),Signed by Scott.
BHV-16780-1,The Black Angels,Phosphene Dream,Blue Horizon (3),"LP, Album, 180",5,2010,2452730,Vinyls - Revival Rock,2017-10-26 05:55:16,Near Mint (NM or M-),Near Mint (NM or M-),
0602537649747,Beck,Morning Phase,Capitol Records,"LP, Album, 180",5,2014,5626140,Vinyls - Folk,2016-12-25 13:25:00,Near Mint (NM or M-),Near Mint (NM or M-),
068 79 1935 1,Megadeth,Rust In Peace,Capitol Records,"LP, Album",4,2013,5974016,Vinyls - Metal,2017-10-02 04:53:47,Mint (M),Near Mint (NM or M-),Promo Fnac: 15€.
CARLP 166,Black Label Society,Hangover Music Vol. VI,Cargo Records,"2xLP, Album, RE, Gol",4,2016,10437964,Vinyls - Hard-Rock,2017-06-14 03:41:35,Near Mint (NM or M-),Near Mint (NM or M-),
"CAROL CD 1336, CDV 2424",Suicidal Tendencies,Join The Army,"Caroline Records, Virgin","CD, Album",4,1987,1579409,CD - Thrash Metal,2017-01-10 11:59:53,,,
49.158,Roger Glover And Guests,Love Is All,"Carrere, Purple Records","7"", Single",,1975,704121,7'',2017-08-02 12:45:42,Very Good Plus (VG+),Very Good Plus (VG+),
CR12,The Groovin' Jailers,Catchy Reggae,Casual Records (4),"10"", MiniAlbum",,2012,3939502,Vinyls - Unclassified,2017-07-02 02:42:50,Mint (M),Mint (M),New & Sealed
CBS 4431,Leonard Cohen,Do I Have To Dance All Night / The Butcher,CBS,"7"", Single",,1976,4114344,7'',2017-08-05 05:25:36,Near Mint (NM or M-),Very Good Plus (VG+),
CBS 7653,T. Rex,Jeepster / Life's A Gas,CBS,"7"", Single",,1971,1547733,7'',2017-08-05 05:40:25,Very Good Plus (VG+),Good (G),
S 64087,Santana,Abraxas,CBS,"LP, Album, Gat",4,1970,5687012,Vinyls - Classic Rock,2017-02-24 08:45:22,Very Good Plus (VG+),Very Good Plus (VG+),
S 69003,Simon & Garfunkel,Simon And Garfunkel's Greatest Hits,CBS,"LP, Comp",,1972,1337919,Vinyls - Unclassified,2016-12-19 13:43:35,,Good Plus (G+),
S64188,Janis Joplin,Pearl,CBS,"LP, Album",,1971,5099096,Vinyls - Classic Rock,2016-12-30 14:11:38,Very Good (VG),Very Good Plus (VG+),
"62847, S 62847",Bob Dylan,Greatest Hits,"CBS, CBS","LP, Comp",,1969,742587,Vinyls - Classic Rock,2017-08-19 06:13:36,Very Good (VG),Very Good (VG),
"CBS 83797, 83797",It's A Beautiful Day,It's A Beautiful Day,"CBS, CBS","LP, Album, RE, Gat",4,1979,839258,Vinyls - Classic Rock,2016-12-03 11:45:39,Near Mint (NM or M-),Very Good Plus (VG+),
"CBS 86067, 86067",Bob Dylan,Street-Legal,"CBS, CBS","LP, Album",,1978,793081,Vinyls - Classic Rock,2017-08-19 06:14:41,Very Good (VG),Very Good (VG),
"S 65142, S 69016",Carlos Santana & Buddy Miles,Carlos Santana & Buddy Miles! Live !,"CBS, CBS","LP, Album, Gat",,1972,454834,Vinyls - Unclassified,2016-12-19 14:05:21,Good (G),Fair (F),
"S80103, KC 32858",Blue Öyster Cult,Secret Treaties,"CBS, CBS","LP, Album",,1974,1912389,Vinyls - Prog Rock,2016-12-19 13:11:49,Near Mint (NM or M-),Near Mint (NM or M-),
"CBS 32050, EMB 31378",Fleetwood Mac,The Best Of Fleetwood Mac,"CBS, Embassy","LP, Comp, RE",4,0,7345018,Vinyls - Classic Rock,2017-06-05 05:48:52,Very Good Plus (VG+),Very Good Plus (VG+),
467201 2,Alice In Chains,Facelift,CBS/Sony,"CD, Album, RE",5,0,9518570,CD - Grunge,2017-01-10 03:05:44,,,
77127-2,Samael,Passage,Century Media,"CD, Album",5,1996,369412,"CD - Doom, Death, Black Metal",2017-01-08 12:56:21,,,
77562-2,Backyard Babies,People Like People Like People Like Us,Century Media,"CD, Album",3,2006,1824524,CD To Sell,2017-01-06 14:00:55,,,
88985397911,Horisont,About Time,Century Media,"LP, Album",4,2017,9773209,Vinyls - Revival Rock,2017-12-18 05:46:44,Near Mint (NM or M-),Near Mint (NM or M-),
CD-84 9714-2,Iced Earth,Iced Earth,Century Media,"CD, Album",3,1990,5079157,CD To Sell,2017-01-10 03:23:39,,,
"77099-2, 7799-2",Samael,Rebellion,"Century Media, Century Media","CD, EP, Dig",4,1995,8031054,CD - Hard-Rock,2017-01-10 03:33:38,,,
6369 905,Genesis,Trespass,Charisma,"LP, Album, RE, Lam",4,0,1003476,Vinyls - Prog Rock,2016-11-19 02:41:34,Very Good Plus (VG+),Near Mint (NM or M-),
9103 114,Genesis,Wind & Wuthering,Charisma,"LP, Album",,1976,9410252,Vinyls - Prog Rock,2016-12-30 14:17:01,Very Good (VG),Very Good (VG),
"CAS 1052, CAS.1052",Genesis,Nursery Cryme,"Charisma, Charisma","LP, Album, Scr",,1971,1907830,Vinyls - Prog Rock,2017-01-04 12:15:53,Good Plus (G+),Good Plus (G+),
210 181,Jethro Tull,Rock Island,Chrysalis,"LP, Album",3,1989,898078,Vinyls To Sell,2016-12-29 14:34:46,Very Good Plus (VG+),Very Good Plus (VG+),
210 493,The Angels,Beyond Salvation,Chrysalis,"LP, Album",4,1989,2243268,Vinyls - Hard-Rock,2016-11-20 11:35:55,,,
CHR 1044,Jethro Tull,Aqualung,Chrysalis,"LP, Album, RP, Gat",4,1973,9391445,Vinyls - Prog Rock,2016-12-30 13:52:26,Very Good (VG),Very Good (VG),
PV 41042,Jethro Tull,Stand Up,Chrysalis,"LP, Album, RE",5,1982,476158,Vinyls - Prog Rock,2016-11-19 02:28:45,Near Mint (NM or M-),Near Mint (NM or M-),
ccm-615,Phil Ochs,All the News That's Fit To Sing,Collectors' Choice Music,"CD, Album",,2005,9457174,CD To Sell,2017-01-11 13:35:20,,,
662916 2,Alice In Chains,Heaven Beside You,Columbia,"CD, Maxi, Pt.",3,1996,2020233,CD - Grunge,2017-01-10 03:29:06,,,
PC 9700,Big Brother & The Holding Company,Cheap Thrills,Columbia,"LP, Album, RE, Gat",,0,6840361,Vinyls - Classic Rock,2016-12-30 14:08:23,Very Good (VG),Very Good Plus (VG+),
SCX 6157,Pink Floyd,The Piper At The Gates Of Dawn,Columbia,"LP, Album",,1967,2901189,Vinyls - Prog Rock,2018-01-06 06:55:40,Very Good Plus (VG+),Very Good Plus (VG+),Héritage Patrick Ibarra
"88985344301, PC 33479",Aerosmith,Toys In The Attic,"Columbia Records, Columbia Records","LP, RE",4,2016,9133081,Vinyls - Classic Rock,2017-02-12 12:47:03,Mint (M),Mint (M),
82876726112,System Of A Down,Hypnotize,"Columbia, American Recordings","CD, Album + DVD-V, PAL",4,2005,2641100,CD - Modern Hard-Rock & Metal,2017-01-10 13:18:02,,,
"COL 491786 2, 491786 2",Danzig,Thrall-Demonsweatlive,"Columbia, American Recordings","CD, EP",3,1994,4207624,CD - Hard-Rock,2017-01-08 12:37:58,,,
"5C 062.04096, 1C 062-04 096",Pink Floyd,"Soundtrack From The Film ""More""","Columbia, Columbia","LP, Album",4,1969,5073188,Vinyls - Prog Rock,2016-12-30 13:15:28,Fair (F),Very Good (VG),
"PC2 36183, 36183",Pink Floyd,The Wall,"Columbia, Columbia","2xLP, Album, Gat",5,1979,526569,Vinyls - Prog Rock,2016-12-30 14:02:13,Very Good (VG),Good Plus (G+),Skips on one song side C.
502236 2,Blue Öyster Cult,Secret Treaties,"Columbia, Legacy","CD, Album, RE, RM",,2001,613282,CD- Progressive & Psych Rock,2017-01-11 13:42:48,,,
CK 66425,Big Brother & The Holding Company Featuring Janis Joplin,Big Brother & The Holding Company,"Columbia, Legacy","CD, Album, RE, RM",,1999,1450129,CD - Classic Rock,2017-01-11 13:43:11,,,
"COL 492865 2, 492865 2",Janis Joplin,Pearl,"Columbia, Legacy","CD, Album, RE, RM",,1999,739684,CD - Classic Rock,2017-01-08 08:42:13,,,
COOKCD548X,The Cult,Choice Of Weapon,Cooking Vinyl,"CD, Album + CD, Comp + Dlx, Dig",3,2012,3607708,CD To Sell,2017-01-10 12:38:53,,,
COOKLP602,Marilyn Manson,The Pale Emperor,Cooking Vinyl,"2xLP, Album, Dlx, Gat",5,2015,6532927,Vinyls - Hard-Rock,2017-08-07 03:04:22,Mint (M),Mint (M),
940 033/4/5,Various,Woodstock - Music From The Original Soundtrack And More,Cotillion,"3xLP, Album",5,1970,1748415,Vinyls - Classic Rock,2016-11-20 13:36:42,Very Good Plus (VG+),Very Good (VG),
DAP-034,The Budos Band,Burnt Offering,Daptone Records,"LP, Album, Gat",4,2014,6217516,Vinyls - Unclassified,2017-10-17 09:44:18,Near Mint (NM or M-),Near Mint (NM or M-),
CLP 1382-2,Hollywood Rose,The Roots Of Guns N' Roses,Deadline Music,"CD, Comp",3,2004,874767,CD - Hard-Rock,2017-01-08 11:57:59,,,
846 871-1,Slayer,Seasons In The Abyss,Def American Recordings,"LP, Album",5,1990,429883,Vinyls - Metal,2017-11-27 03:36:42,Near Mint (NM or M-),Near Mint (NM or M-),Variant 4
9 24307-2,Slayer,Seasons In The Abyss,Def American Recordings,"CD, Album",5,1990,415249,CD - Thrash Metal,2017-01-10 12:33:09,,,
9 26748-2,Slayer,Decade Of Aggression Live,Def American Recordings,"2xCD, Album, Lon",4,1991,1460312,CD - Thrash Metal,2017-01-08 13:01:29,,,
9 40544-2,Danzig,Dirty Black Summer,Def American Recordings,"CD, Maxi, Dig",3,1992,392646,CD - Hard-Rock,2017-01-08 12:41:47,,,
846 375-1,Danzig,Danzig II - Lucifuge,"Def American Recordings, Phonogram","LP, Album",5,1990,3235465,Vinyls - Hard-Rock,2017-03-22 01:17:23,Very Good Plus (VG+),Very Good Plus (VG+),
523 362-2,Public Enemy,Muse Sick-N-Hour Mess Age,Def Jam Recordings,"CD, Album",3,1994,6526688,CD To Sell,2017-01-08 12:11:02,,,
"DE 864712, CDDLB1, 262811, 864712",Keziah Jones,Blufunk Is A Fact !,"Delabel, Delabel, Delabel, Delabel","CD, Album, RE",3,0,684166,CD To Sell,2017-01-08 09:04:23,,,
291 024,The Moody Blues,Days Of Future Passed,Deram,"LP, Album, RE",4,0,836499,Vinyls - Classic Rock,2017-08-19 06:09:00,Very Good Plus (VG+),Very Good (VG),
844 028-2 RT,John Mayall,Thru The Years,Deram,"CD, Comp, RE, RM",,1990,2733252,CD To Sell,2017-01-10 03:26:02,,,
8829292,Camel,Mirage,Deram,"CD, Album, RE, RM",4,0,7072568,CD- Progressive & Psych Rock,2017-01-06 14:01:54,,,
SML 1107,Camel,Mirage,"Deram, Gama (3)","LP, Album",5,1974,619057,Vinyls - Prog Rock,2017-11-29 07:18:26,Good Plus (G+),Very Good (VG),
GED 24425,Nirvana,Nevermind,"DGC, Sub Pop","CD, Album",5,1991,1820636,CD - Grunge,2017-01-08 08:46:04,,,
DAV078,Sleepy Sun,Maui Tears,Dine Alone Records,"2x12"", Album",4,2014,5379324,Vinyls - Revival Rock,2016-12-03 12:08:12,Near Mint (NM or M-),Near Mint (NM or M-),
DFGCD 8605,Jesus Volt,In-Stereo,Dixiefrog,"CD, Album, Dig",,2006,783684,CD To Sell,2017-01-11 13:10:46,,,
REWIGLP40,Robert Wyatt,Rock Bottom,Domino,"LP, Album, RE",4,2008,1877504,Vinyls - Prog Rock,2017-02-20 03:43:29,Near Mint (NM or M-),Near Mint (NM or M-),
drmbt 020,This Is The Kit,Wriggle  Out The Restless,Dreamboat Records,"CD, Album",4,2010,3009403,CD - Folk,2017-01-08 09:12:30,,,
drmbt 020,This Is The Kit,Wriggle Out The Restless Remixes,Dreamboat Records,"CD, Album",4,2010,3611695,CD - Folk,2017-01-08 09:13:23,,,
1732958,Black Rebel Motorcycle Club,Baby 81,Drop The Gun Recordings,"CD, Album, Sup",3,2007,1016376,CD To Sell,2017-01-10 11:58:32,,,
DRT449,Clutch (3),From Beale Street To Oblivion,DRT Entertainment,"CD, Album, Dig",4,2007,943467,CD To Sell,2017-01-10 09:15:40,,,
RTE 00433,Clutch (3),Robot Hive / Exodus,DRT Entertainment,"CD, Album, Dig",3,2005,3800458,CD To Sell,2017-01-10 13:18:41,,,
EREDV308,Black Label Society,"Boozed, Broozed & Broken-Boned: Live With The Detroit Chapter",Eagle Vision,"DVD, PAL",4,2003,1308727,Uncategorized,2017-02-20 08:41:32,,,
MOSH 130CD,Cathedral,The Carnival Bizarre,Earache,"CD, Album",3,1995,665441,"CD - Doom, Death, Black Metal",2017-01-10 13:52:07,,,
MOSH 77,Cathedral,The Ethereal Mirror,Earache,"LP, Album",4,1993,1813697,Vinyls - Metal,2017-08-23 05:21:48,Very Good Plus (VG+),Very Good Plus (VG+),Skips On The Intro A1. Inner Sleeve Missing.
MOSH042FDRUS,Carcass,Necroticism - Descanting The Insalubrious,Earache,"LP, Album, Ltd, RE, RM",4,2017,10468058,Vinyls - Metal,2017-06-22 02:32:39,Mint (M),Mint (M),
MOSH434LP,Rival Sons,Pressure & Time,Earache,"LP, Album, 180",5,2011,3546765,Vinyls - Revival Rock,2016-12-03 11:50:13,Near Mint (NM or M-),,
MOSH450LP,Rival Sons,Head Down,Earache,"2xLP, Album",5,2012,3872997,Vinyls - Revival Rock,2016-12-03 09:09:18,Near Mint (NM or M-),Very Good Plus (VG+),"Signed By The Band. Bought At The Trabendo, Paris."
MOSH515,The Temperance Movement,Up In The Sky Vs. Tender,Earache,"7"", Ltd",3,2014,5616113,7'',2016-12-02 05:15:56,Near Mint (NM or M-),Very Good Plus (VG+),
MOSH516LP,Rival Sons,Great Western Valkyrie,Earache,"2xLP, Album, Ltd, Bla",5,2014,5782287,Vinyls - Revival Rock,2016-11-20 13:52:51,Near Mint (NM or M-),Very Good Plus (VG+),
MOSH518,Rival Sons,Electric Man,Earache,"7"", Single, Gre",4,2014,5597740,7'',2016-12-02 04:53:38,Very Good Plus (VG+),Very Good Plus (VG+),
MOSH550,Rival Sons,Black Coffee,Earache,"7"", Single, Ltd, Whi",5,2015,6930970,7'',2016-12-03 11:36:04,Near Mint (NM or M-),Near Mint (NM or M-),
MOSH562LP,Rival Sons,Hollow Bones,Earache,"LP, Album, Ltd, Gol",5,2016,8616924,Vinyls - Revival Rock,2016-12-02 12:38:44,Near Mint (NM or M-),Near Mint (NM or M-),
CK 64326,Cathedral,Cosmic Requiem,"Earache, Columbia","CD, EP, Ltd",3,1994,1044723,"CD - Doom, Death, Black Metal",2017-01-10 13:49:26,,,
"MOSH43CD, MOSH 043 CD",Cathedral,Forest Of Equilibrium,"Earache, Earache","CD, Album",4,1991,670391,"CD - Doom, Death, Black Metal",2017-01-10 12:19:59,,,
7559-61830-2,Down (3),NOLA,EastWest,"CD, Album",4,1995,1073521,"CD - Stoner, Sludge, Doom",2017-01-10 13:12:50,,,
7559-61908-2,Pantera,The Great Southern Trendkill,EastWest,"CD, Album",5,1996,883913,CD - Thrash Metal,2017-01-10 13:14:14,,,
7567-92302-2,Pantera,Far Beyond Driven,EastWest Records America,"CD, Album, RE",3,0,372459,CD - Thrash Metal,2017-01-10 13:19:41,,,
7559-60667-2,The Stooges,The Stooges,Elektra,"CD, Album",,0,5675251,CD To Sell,2017-01-06 13:23:26,,,
7559-74007-2,The Doors,The Doors,Elektra,"CD, Album",,0,5518888,CD To Sell,2017-01-10 13:04:30,,,
960 829-1,Mötley Crüe,Dr. Feelgood,Elektra,"LP, Album",4,1989,1163370,Vinyls - Hard-Rock,2017-09-15 14:32:47,Very Good Plus (VG+),Very Good Plus (VG+),Reçu le 19/09/2017.
"96-0289-1, 960 289-1",Mötley Crüe,Shout At The Devil,"Elektra, Elektra","LP, Album, Gat",4,1983,1163351,Vinyls - Hard-Rock,2016-11-20 12:45:32,Very Good Plus (VG+),Very Good Plus (VG+),
8122797115,Love,Forever Changes,"Elektra, Rhino Records (2)","LP, Album, RE, 180",4,2012,4073447,Vinyls - Classic Rock,2017-02-03 05:17:44,Near Mint (NM or M-),Near Mint (NM or M-),
8536-40218-2,Metallica With Michael Kamen Conducting The San Francisco Symphony Orchestra,S&M,"Elektra, Warner Music Vision","2xDVD, Multichannel, PAL",,2000,1153165,Uncategorized,2017-02-20 08:36:05,,,
8122-73537-2,Love,Forever Changes,"Elektra, Warner Strategic Marketing","CD, Album, RE, RM",4,2001,498668,CD To Sell,2017-01-08 11:22:50,,,
Elektrohasch 159 ,All Them Witches,Our Mother Electricity,Elektrohasch Schallplatten,"LP, Album",5,2013,4349195,Vinyls - Revival Rock,2017-10-30 06:00:20,Mint (M),Mint (M),
140,Drowning Pool (2),Full Circle,Eleven Seven Music,CD,1,2007,5987834,CD To Sell,2017-01-06 13:39:27,,,
CDP-7-48640-2,Queensrÿche,Operation: Mindcrime,EMI-Manhattan Records,"CD, Album, RP",5,0,9118206,CD To Sell,2017-01-08 12:22:11,,,
"2C 068-98485, 2C 068 98485",Queen,A Day At The Races,"EMI, EMI","LP, Album, Gat",,1977,1001024,Vinyls - Unclassified,2016-12-19 14:14:07,Fair (F),Good Plus (G+),
"7243 8 56806 2 5, CDEMD 1104",David Coverdale & Whitesnake,Restless Heart,"EMI, EMI United Kingdom, EMI 100","CD, Album",,1997,2288284,CD To Sell,2017-01-09 13:29:18,,,
"2C 068 97176, 2 C068 97176, 2C 068-97.176",Queen,A Night At The Opera,"EMI, EMI, EMI","LP, Album, Gat",,1976,7583030,Vinyls - Unclassified,2016-12-30 12:56:18,Good (G),Poor (P),
"CDS 79 4613 2, CDP 79 4613 2, 7946132, CD EM 1367",The Animals,The Complete Animals,"EMI, EMI, EMI, EMI","2xCD, Comp, RP",,2010,1180638,CD To Sell,2017-01-06 13:26:06,,,
EOM-CD-2363,Black Label Society,The Song Remains Not The Same,eOne,"CD, Comp",3,2011,2951921,CD - Hard-Rock,2017-01-10 12:56:26,,,
466569 2,Suicidal Tendencies,Lights Camera Revolution,Epic,"CD, Album",5,1990,2942344,CD - Thrash Metal,2017-01-09 13:45:00,,,
467859 2,Ozzy Osbourne,No More Tears,Epic,"CD, Album",3,1991,2994968,CD - Hard-Rock,2017-01-11 13:29:34,,,
EK 45244,Suicidal Tendencies,Controlled By Hatred / Feel Like Shit...Deja-Vu,Epic,"CD, Album",4,1989,975586,CD - Thrash Metal,2017-01-11 13:13:58,,,
EPC 26678,Jean-Jacques Goldman,Non Homologué,Epic,"LP, Album",3,1985,697690,Vinyls To Sell,2016-12-29 14:29:25,Good (G),Good (G),
EPC 463086 1,Ozzy Osbourne,Diary Of A Madman,Epic,"LP, Album, RE",4,0,2474346,Vinyls - Hard-Rock,2016-11-20 12:49:19,Near Mint (NM or M-),Near Mint (NM or M-),
EPC 468586 2,The Lost (2),The Lost,Epic,"CD, Album",2,1991,4458079,CD To Sell,2017-01-10 03:27:06,,,
EPC 65455,"Beck, Bogert & Appice","Beck, Bogert & Appice",Epic,"LP, Album",,1973,1571318,Vinyls - Classic Rock,2016-12-19 13:02:29,,Poor (P),
EPC 82010,Ted Nugent,Cat Scratch Fever,Epic,"LP, Album, Gat",3,1977,3536458,Vinyls - Classic Rock,2016-12-29 14:12:36,Good (G),Fair (F),
PE 33692,Ted Nugent,Ted Nugent,Epic,"LP, Album",4,1975,1310305,Vinyls - Classic Rock,2016-11-20 13:29:55,Very Good Plus (VG+),Very Good Plus (VG+),
"EPC 202073 9, 202073 9",Pearl Jam,Live At The Garden,"Epic Music Video, Epic Music Video","2xDVD-V, PAL",,2003,560540,Uncategorized,2017-02-20 08:41:51,,,
466224 1,Johnny Crash (2),Neighbourhood Threat,"Epic, CBS, WTG Records","LP, Album",4,1990,2574756,Vinyls - Hard-Rock,2016-11-18 08:14:16,Very Good Plus (VG+),Very Good Plus (VG+),
"471885 2, EPC 471885 2",Suicidal Tendencies,The Art Of Rebellion,"Epic, Epic","CD, Album",3,1992,390168,CD - Thrash Metal,2017-01-09 13:47:19,,,
"EPC 462581 1, 01-462581-20",Ozzy Osbourne,No Rest For The Wicked,"Epic, Epic","LP, Album",,1988,803847,Vinyls - Hard-Rock,2018-01-03 07:40:55,,,
"EPC 498474 2, 4984742000",Ozzy Osbourne,Down To Earth,"Epic, Epic","CD, Album",3,2001,2203981,CD - Hard-Rock,2017-01-10 12:35:39,,,
"EPC 508362 2, 5083622000",Ozzy Osbourne,Ozzmosis,"Epic, Epic","CD, Album, RE, RM",3,2002,469731,CD - Hard-Rock,2017-01-10 12:36:06,,,
"481680 2, 02-481680-10, EPC 481680 2",Ozzy Osbourne,The Ultimate Sin,"Epic, Epic, Epic","CD, Album, RE, RM",3,1995,1705762,CD - Hard-Rock,2017-01-11 13:23:16,,,
"EPC 502040 2, 5020402000, 502040 2",Ozzy Osbourne,Blizzard Of Ozz,"Epic, Epic, Epic","CD, Album, RE, RM",4,2002,556640,CD - Hard-Rock,2017-01-09 13:32:35,,,
"EPC 515047 3, 515047 2, 5150473001",Incubus (2),A Crow Left Of The Murder...,"Epic, Immortal Records (3), Epic Music Video, Immortal Records (3)","CD, Album + DVD-V, PAL + Ltd, Dig",3,2004,389681,CD To Sell,2017-01-06 14:33:08,,,
88697 00121 2,Audioslave,Revelations,"Epic, Interscope Records","CD, Album, S/Edition + DVD-V, PAL",4,2006,2220680,CD - Hard-Rock,2017-01-08 11:56:38,,,
"EPC 510130 2, 510 130 2",Audioslave,Audioslave,"Epic, Interscope Records","CD, Album",5,2002,403095,CD - Modern Hard-Rock & Metal,2017-01-10 13:21:33,,,
"88985415681, none",Rage Against The Machine,Rage Against The Machine,"Epic, Legacy, Sony Music","LP, Album, Ltd, RE, RP, Red",5,2017,10010366,Vinyls - Hard-Rock,2017-04-24 05:04:38,Mint (M),Mint (M),"Special FNAC edition on red vinyl, limited to 500 copies."
88697101892,Ozzy Osbourne,Black Rain,"Epic, Sony BMG Music Entertainment","CD, Album",3,2007,999397,CD - Hard-Rock,2017-01-09 13:33:02,,,
EVIL 001,Danzig,The Lost Tracks Of Danzig,Evilive,"2xCD, Ltd",3,2007,1881433,CD - Hard-Rock,2017-01-06 12:43:29,Very Good (VG),Very Good Plus (VG+),
EXP021,Jefferson Airplane,Jefferson Airplane,Experience (5),"CD, Comp",,1996,3117755,CD To Sell,2017-01-11 13:46:06,,,
5c 062-90988 X,Creedence Clearwater Revival,Willy And The Poor Boys,Fantasy,"LP, Album",,0,7820409,Vinyls - Classic Rock,2017-08-19 06:27:00,Very Good Plus (VG+),Good Plus (G+),Tampon. Écritures.
FAN00168,Prophets Of Rage (6),Prophets Of Rage,Fantasy,"LP, Album, Ltd, S/Edition",5,2017,10929216,Vinyls - Hard-Rock,2017-09-29 07:44:54,Near Mint (NM or M-),Near Mint (NM or M-),Resistance Party Pack: poster + badges+ postcards + letter + T-shirt
FP1031-1,Deadboy & The Elephantmen,We Are Night Sky,Fat Possum Records,"LP, Album",4,2015,7688856,Vinyls - Hard-Rock,2017-08-11 06:17:41,Near Mint (NM or M-),Near Mint (NM or M-),Dax Riggs. Reçu le 07/09.
FP1058-2,Andrew Bird,Armchair Apocrypha,Fat Possum Records,"CD, Album",,2007,1575687,CD - Folk,2017-01-11 13:40:04,,,
FP1104-1,Dax Riggs,We Sing Only Of Blood Or Love,Fat Possum Records,"LP, Album, Cle + CD, Album",5,2009,2398823,Vinyls - Hard-Rock,2017-09-27 00:56:06,Near Mint (NM or M-),Near Mint (NM or M-),
FPI220-2,Dax Riggs,Say Goodnight To The World,Fat Possum Records,"CD, Album",4,2010,2399033,CD,2017-01-22 04:12:34,,,
FP1109-2,Dax Riggs,If This Is Hell Then I'm Lucky,"Fat Possum Records, Elephantmen Recording Company","CD, Album, RE",4,2008,1239368,CD,2017-01-22 04:13:42,,,
TOOFA 3/4,Tyrannosaurus Rex,"Prophets, Seers & Sages, The Angels Of The Ages / My People Were Fair And Had Sky In Their Hair... But Now They're Content To Wear Stars On Their Brows",Fly Records (3),"LP, Album + LP, Album + Comp, RE",3,1972,462847,Vinyls - Classic Rock,2017-12-23 09:30:20,Very Good Plus (VG+),Very Good Plus (VG+),Only 2nd LP: My People...
F.W.P.072,Torture Throne,Stench Of Innocence,Forgotten Wisdom Productions,"12"", EP, Ltd",4,2014,5538747,Vinyls - Metal,2017-06-26 03:17:37,Mint (M),Mint (M),
FDN 2004 CD,The Gathering,Always...,Foundation 2000,"CD, Album",3,1992,1736106,CD To Sell,2017-01-08 13:07:01,,,
FM010,Various,French Metal : Songes Et Cauchemars,French Metal,"3xCD, Comp",5,2010,9278731,CD To Sell,2016-11-18 08:10:50,Mint (M),Mint (M),
FM012,Various,French Metal : Dans Un Nid De Vipères,French Metal,"3xCD, Comp",3,2011,9772153,CD To Sell,2017-02-08 08:23:07,Near Mint (NM or M-),Near Mint (NM or M-),
FUZZCD014,Truckfighters,Universe,Fuzzorama Records,"CD, Album, Promo",3,2014,5417625,CD To Sell,2017-01-08 08:59:43,,,
GAP068,Siena Root,Pioneers,Gaphals,"LP, Album, Ltd, Ora + CD, Album",4,2014,6758071,Vinyls - Revival Rock,2016-12-03 12:02:51,Near Mint (NM or M-),Near Mint (NM or M-),Bought in concert. Setlist included !
424 730-2,Slash's Snakepit,It's Five O'Clock Somewhere,Geffen Records,"CD, Album",3,1995,7400624,CD - Hard-Rock,2017-01-10 12:25:21,,,
493 097-2,Aerosmith,Pump,Geffen Records,"CD, Album, RE",4,0,1095455,CD To Sell,2017-01-11 13:10:15,Near Mint (NM or M-),Near Mint (NM or M-),
7599-24285-2,Warrior Soul,Last Decade Dead Century,Geffen Records,"CD, Album",4,1990,4739210,CD - Hard-Rock,2017-01-08 09:24:41,,,
GEF 24730,Slash's Snakepit,It's Five O' Clock Somewhere,Geffen Records,"2xLP, Album",5,1995,1686618,Vinyls - Hard-Rock,2016-11-19 15:52:48,Very Good Plus (VG+),Very Good Plus (VG+),
GEFD 25212,Rob Zombie,Hellbilly Deluxe,Geffen Records,"CD, Album",3,1998,6530863,CD To Sell,2017-01-08 09:26:37,,,
GR 1261,Guns N' Roses,Skulls n' Bones,Geffen Records (2),"12"", Club, Ltd, Pic, Unofficial",1,2016,8465213,Vinyls - Hard-Rock,2017-04-16 23:54:43,Mint (M),Near Mint (NM or M-),
924 131-1,Slayer,Reign In Blood,"Geffen Records, Def Jam Recordings","LP, Album",5,1986,373186,Vinyls - Metal,2016-11-20 13:11:22,Near Mint (NM or M-),Near Mint (NM or M-),
924 203-1,Slayer,South Of Heaven,"Geffen Records, Def Jam Recordings","LP, Album",5,1988,415463,Vinyls - Metal,2017-09-15 14:31:51,Very Good Plus (VG+),Very Good Plus (VG+),Reçu le 19/09/2017. No OIS.
"GED 24148, GEFD 24148",Guns N' Roses,Appetite For Destruction,"Geffen Records, Geffen Records","CD, Album, DAD",5,1987,7085263,CD - Hard-Rock,2017-01-08 12:35:48,,,
"GED 24976, GED24976",White Zombie,Supersexy Swingin' Sounds,"Geffen Records, Geffen Records","CD, Album",2,1996,1021763,CD To Sell,2017-01-06 14:13:54,,,
"GED 24198, GEFD 24198, 424 198-2",Guns N' Roses,G N' R Lies,"Geffen Records, Geffen Records, Geffen Records","CD, Album, RE",5,0,9422626,CD - Hard-Rock,2017-01-08 12:34:14,,,
"GED 24415, GEFD 24415, 424 415-2",Guns N' Roses,Use Your Illusion I,"Geffen Records, Geffen Records, Uzi Suicide Records","CD, Album, RE",5,0,3566885,CD - Hard-Rock,2017-01-08 12:33:35,,,
"GED 24420, GEFD 24420, 424 420-2",Guns N' Roses,Use Your Illusion II,"Geffen Records, Geffen Records, Uzi Suicide Records","CD, Album, RE, RP, UML",5,0,3798570,CD - Hard-Rock,2017-01-08 12:32:45,,,
"WX 125, 924 148-1, none",Guns N' Roses,Appetite For Destruction,"Geffen Records, Geffen Records, Uzi Suicide Records","LP, Album, Wit",5,1987,1238431,Vinyls - Hard-Rock,2016-11-19 08:22:00,Near Mint (NM or M-),Near Mint (NM or M-),
"0720642441510, none",Guns N' Roses,Use Your Illusion I,"Geffen Records, Uzi Suicide Records","2xLP, Album, RE, RM, 180",4,2016,8437886,Vinyls - Hard-Rock,2017-10-26 05:52:22,Near Mint (NM or M-),Near Mint (NM or M-),
"0720642442012, none",Guns N' Roses,Use Your Illusion II,"Geffen Records, Uzi Suicide Records","2xLP, Album, RE, RM, RP, 180",5,2016,8422961,Vinyls - Hard-Rock,2017-04-24 05:06:41,Mint (M),Mint (M),
GED24617,Guns N' Roses,"""The Spaghetti Incident?""","Geffen Records, Uzi Suicide Records","CD, Album, MPO",3,1993,2229410,CD - Hard-Rock,2017-01-10 12:18:00,,,
GUM 171,Herman Düne,Strange Moosic,Green United Music,"CD, Album, Boo",4,2011,3529222,CD - Folk,2017-04-05 06:16:59,Near Mint (NM or M-),Near Mint (NM or M-),
1C 062-90 749,"Deep Purple, The Royal Philharmonic Orchestra, Malcolm Arnold",Concerto For Group And Orchestra,Harvest,"LP, Album",,1970,6784079,Vinyls - Classic Rock,2016-12-30 14:36:01,Very Good (VG),Very Good Plus (VG+),
2C 010-97.357,Pink Floyd,Have A Cigar,Harvest,"7"", Single",,1976,2966409,7'',2017-08-02 12:53:36,Very Good Plus (VG+),Very Good (VG),
2C 064-05249,Pink Floyd,The Dark Side Of The Moon,Harvest,"LP, Album, RP, Gat",5,1973,8701213,Vinyls - Prog Rock,2016-12-30 13:01:40,Good (G),Good (G),
SHDW 1/2,Pink Floyd,Ummagumma,Harvest,"2xLP, Album",4,1969,1403093,Vinyls - Prog Rock,2017-01-04 12:59:10,,,
SHVL 781,Pink Floyd,Atom Heart Mother,Harvest,"LP, Album, RE, Gat",4,1978,1574346,Vinyls - Prog Rock,2016-12-19 13:21:02,Good Plus (G+),Poor (P),
SHVL 814,Pink Floyd,Wish You Were Here,Harvest,"LP, Album",5,1975,463597,Vinyls - Prog Rock,2017-01-05 07:25:31,Very Good (VG),Very Good (VG),
"1914421, PM 311",Deep Purple,In Rock,"Harvest, Harvest","LP, Album, RE",,1983,1218601,Vinyls - Classic Rock,2016-12-30 14:32:17,Very Good (VG),Very Good Plus (VG+),
"SHVL 795, 2 (C 064-04917)",Pink Floyd,Meddle,"Harvest, Harvest","LP, Album, Gat",5,1971,372483,Vinyls - Prog Rock,2017-10-05 03:11:51,Very Good (VG),Very Good Plus (VG+),Echangé contre Paranoid. Vinyl Room.
"2C 062-04 299, 2C 062-04299, 2C 062 - 04.299",Pink Floyd,Masters Of Rock,"Harvest, Harvest, Harvest","LP, Comp",,1974,386900,Vinyls To Sell,2017-01-04 13:08:26,,,
"C064-98434, 4C064-98434, 4 CO64-98434",Pink Floyd,Animals,"Harvest, Harvest, Harvest","LP, Album, Gat",4,1977,1217841,Vinyls - Prog Rock,2016-12-30 13:08:43,Very Good (VG),Very Good Plus (VG+),
HELLP003,Los Disidentes Del Sucio Motel,Arcane,HellProd,"LP, Album, Ltd, Cle",4,2013,5784688,Vinyls - Hard-Rock,2017-10-29 04:11:08,Mint (M),Mint (M),
HELLP007,Los Disidentes Del Sucio Motel X Thomas Schoeffler Jr,Deambulation,HellProd,"10""",,2015,9016102,Vinyls - Hard-Rock,2017-10-29 04:09:11,Near Mint (NM or M-),Near Mint (NM or M-),
HX019/12,Crossed Fire,It's All About Chaos,Hellxis Records,"CD, EP",1,2012,6865080,CD To Sell,2017-09-04 13:34:19,Very Good Plus (VG+),Very Good Plus (VG+),Promo CD
162 084-2,Danzig,Danzig 5: Blackacidevil,Hollywood Records,"CD, Album",2,1996,928089,CD - Hard-Rock,2017-01-08 12:37:07,,,
HC0001,Don't Mention The War,Whack A Mole,Homeless Productions,"CD, EP",,2009,2399111,CD To Sell,2017-01-10 03:20:36,,,
504061 2,Incubus (2),Morning View,"Immortal Records (3), Epic","CD, Album",4,2001,440327,CD To Sell,2017-01-06 14:38:48,,,
"7243 8 12424 0 7, CDVUS220",30 Seconds To Mars,30 Seconds To Mars,"Immortal Records (3), Virgin","CD, Album, Enh",3,2002,5175875,CD To Sell,2017-01-06 14:12:25,,,
INDIE 073CD,Oslo Ess,"Verden På Nakken, Venner I Ryggen",Indie Recordings,"CD, Album",3,2012,4072946,CD To Sell,2017-09-04 13:32:19,Very Good Plus (VG+),Very Good Plus (VG+),Promo CD
IOMCD 293,Demians,Building An Empire,Inside Out Music,"CD, Album, Dig",2,2008,1426430,CD To Sell,2017-01-09 13:33:33,,,
000 000-0,Queens Of The Stone Age,X,Interscope Records,"LP, Album, Ltd",5,2000,7621083,Vinyls - Hard-Rock,2017-11-30 12:08:20,Near Mint (NM or M-),Near Mint (NM or M-),
0602498372425,Black Eyed Peas,Monkey Business,"Interscope Records, A&M Records, Will.i.am Music Group","CD, Album, Sli",,2005,2112180,CD To Sell,2017-01-08 09:15:13,,,
0602498815632,Audioslave,Out Of Exile,"Interscope Records, Epic","CD, Album",4,2005,469724,CD - Hard-Rock,2017-01-10 03:30:29,,,
0602537347568,Nick Drake,Five Leaves Left,Island Records,"LP, Album, RE, RM, 180",4,2013,4968730,Vinyls - Unclassified,2017-04-24 05:08:02,Mint (M),Mint (M),Audiophile quality pressing.
300 152-406,Bob Marley & The Wailers,Babylon By Bus,Island Records,"2xLP, Album",4,1978,550028,Vinyls - Unclassified,2017-07-02 02:30:34,Good Plus (G+),Very Good (VG),
6014 042,Cat Stevens,Sad Lisa / Wild World,Island Records,"7""",,1971,2355313,7'',2017-08-05 05:34:21,Near Mint (NM or M-),Good Plus (G+),
6138 044,Sparks,This Town Ain't Big Enough For Both Of Us,Island Records,"7"", Single",,1974,1921124,7'',2017-08-05 05:35:26,Very Good Plus (VG+),Very Good (VG),
6339 026,"Emerson, Lake & Palmer","Emerson, Lake & Palmer",Island Records,"LP, Album",4,1970,1964223,Vinyls - Prog Rock,2017-02-26 06:17:58,Very Good Plus (VG+),Very Good Plus (VG+),
9101 628,King Crimson,In The Wake Of Poseidon,Island Records,"LP, Album, RE, Gat",5,1974,1168806,Vinyls - Prog Rock,2016-11-19 15:43:05,Near Mint (NM or M-),Near Mint (NM or M-),
"9101668, ILPS 9135",Cat Stevens,Tea For The Tillerman,"Island Records, Island Records","LP, Album, RE, Gat",4,0,4659640,Vinyls - Classic Rock,2017-05-26 09:49:49,Very Good (VG),Very Good (VG),
"IMCD 268, 546 884-2",Cat Stevens,Tea For The Tillerman,"Island Records, Island Records, Island Remasters, Island Remasters","CD, Album, RE, RM, RP",,0,4349077,CD To Sell,2017-01-08 09:10:59,,,
"IMCD 269, 546 885-2",Cat Stevens,Teaser And The Firecat,"Island Remasters, Island Records","CD, Album, RE, RM",,2000,1025798,CD To Sell,2017-01-08 09:09:34,,,
"88875173871, 88875173871 S1",David Bowie,★ (Blackstar),"ISO Records, Columbia, Sony Music","LP, Album, RP, Cel",4,2016,8049654,Vinyls - Classic Rock,2017-10-02 12:14:31,Near Mint (NM or M-),Near Mint (NM or M-),
9225372,(Hed) P. E.,Blackout,"Jive, Volcano (2)","CD, Album, Enh",3,2003,3535878,CD To Sell,2017-01-06 14:21:17,,,
"9251772, (7) 9251773",(Hed) P. E.,Killing Time,"Jive, Volcano (2)","CD, Maxi",4,2001,1788447,CD To Sell,2017-01-08 12:19:29,,,
KIR 6205,Kansas (2),Dust In The Wind,Kirshner,"7"", Single",,1978,1300522,7'',2017-08-02 12:47:22,Very Good (VG),Very Good (VG),
KSCOPE245,Nosound,Afterthoughts,KScope,"CD, Album + DVD-A, Multichannel, NTSC, Album, Reg",2,2013,6296773,CD To Sell,2017-09-04 13:35:33,Very Good Plus (VG+),Very Good Plus (VG+),No Dvd
LITA 097,Roky Erickson,The Evil One,Light In The Attic,"LP + LP, S/Sided, Etch + Album, RE, RM",4,2013,4880873,Vinyls - Classic Rock,2017-11-20 01:25:26,Near Mint (NM or M-),Near Mint (NM or M-),(Fnac)
POSH160,Electric Mary,III,Listenable Records,"CD, Album, Ltd, Gat + DVD, Ltd, PAL",4,2011,4280687,CD To Sell,2017-01-06 13:39:51,,,
LVR00265,Marilyn Manson,Heaven Upside Down,Loma Vista,"LP, Album, Ltd, Whi",4,2017,10957978,Vinyls - Hard-Rock,2017-10-05 05:27:53,Near Mint (NM or M-),Near Mint (NM or M-),
828 124-1,Danzig,Danzig,London Records,"LP, Album, Gat",5,1988,1696188,Vinyls - Hard-Rock,2017-08-31 02:24:05,Very Good Plus (VG+),Very Good Plus (VG+),Almost Near Mint
PS 584,ZZ Top,First Album,London Records,"LP, Album",,1971,4430959,Vinyls - Classic Rock,2018-01-06 06:50:30,Very Good Plus (VG+),Very Good Plus (VG+),Héritage Patrick Ibarra
LDR014,Paperback Freud,All In A Day's Work,Longfellow Deeds,"CD, Album, Gat",3,2008,6365017,CD To Sell,2017-01-08 12:19:52,,,
VJLP213,Israel Nash Gripka,Rain Plans,Loose,"LP, Album, RP",4,2014,5472343,Vinyls - Folk,2016-12-26 03:10:49,Near Mint (NM or M-),Near Mint (NM or M-),
M & O MUSIC 091,Heonia,Portraits,M & O Music,"CD, Album",,2015,8150194,CD To Sell,2017-01-06 12:50:50,Mint (M),Near Mint (NM or M-),
84.092,Gilbert O'Sullivan,Clair / What Could Be Nicer ?,MAM,"7"", Single",,1972,4054938,7'',2017-08-05 05:36:12,Very Good (VG),Good Plus (G+),
43504,"Emerson, Lake & Palmer",Tarkus,Manticore,"LP, Album, RP, Gat",4,1973,1908979,Vinyls - Prog Rock,2016-11-19 02:44:54,Very Good Plus (VG+),Near Mint (NM or M-),
"K 53501, K 53.501","Emerson, Lake & Palmer",Brain Salad Surgery,"Manticore, Manticore","LP, Album",4,1974,2449161,Vinyls - Prog Rock,2016-11-19 02:56:03,Near Mint (NM or M-),Very Good (VG),
OLE-1040-1,Queens Of The Stone Age,...Like Clockwork,Matador,"2x12"", Album",5,2013,4608497,Vinyls - Hard-Rock,2017-02-23 16:30:31,Near Mint (NM or M-),Near Mint (NM or M-),
OLE-1125-0,Queens Of The Stone Age,Villains,Matador,"LP, 180 + LP, S/Sided, Etch, 180 + Album, Dlx",4,2017,10741689,Vinyls - Hard-Rock,2017-08-24 06:59:59,Near Mint (NM or M-),Near Mint (NM or M-),Reçu le 07/09. No Stickers Anymore...
251111,Crackmind,Because All Collapses,Mausoleum Records,"CD, Album",5,2010,4973480,CD - Hard-Rock,2016-11-18 08:10:42,Near Mint (NM or M-),Near Mint (NM or M-),
MCD 1067,Biohazard,Biohazard,Maze Records,"CD, Album",3,1990,3969354,CD To Sell,2017-01-10 03:21:12,,,
"0052.036, 52.036",Camel,Camel,"MCA Coral, MCA Coral","LP, Album, RE",4,1978,5305708,Vinyls - Prog Rock,2017-01-04 12:10:04,Very Good Plus (VG+),Very Good Plus (VG+),
"250 527-1, MCA 37 211",Lynyrd Skynyrd,(Pronounced 'Lĕh-'nérd 'Skin-'nérd),"MCA Records, MCA Records","LP, Album, RE",4,1984,1840665,Vinyls - Southern Rock / Country,2017-02-12 12:29:22,Near Mint (NM or M-),,
314 512 884-2,Mother Love Bone,Mother Love Bone,"Mercury, Stardog Records","CD, Comp, RE",4,0,9218530,CD - Grunge,2017-01-11 13:28:51,,,
MRV006,Sebastian Bach,Angel Down,Merovingian Music,"CD, Album, Ltd, Dig",3,2007,3835802,CD - Hard-Rock,2017-10-30 09:41:40,Very Good Plus (VG+),Very Good Plus (VG+),
3984-15519-1,Igorrr,Savage Sinusoid,Metal Blade Records,"LP, Album, Ltd, Num, Pin",4,2017,10773856,Vinyls - Metal,2017-08-30 00:34:18,Mint (M),Mint (M),#19/150
72217-1,Slayer,Live Undead,Metal Blade Records,"12"", EP",3,1987,2962552,Vinyls - Metal,2016-11-20 13:07:23,Very Good Plus (VG+),Very Good (VG),
Zorro 11,Slaughter House (2),Slaughter House,Metal Blade Records,"LP, Album",3,1990,3071314,Vinyls - Metal,2016-11-20 13:01:28,Very Good Plus (VG+),Very Good Plus (VG+),
MMP CD 0726 DG,Leash Eye,Hard Truckin' Rock,Metal Mind Productions,"CD, Album",2,2013,5372914,CD To Sell,2017-09-04 13:38:22,Very Good Plus (VG+),Very Good Plus (VG+),Promo CD
MV 0043,Riotgod,Driven Rise,Metalville,"CD, Album",4,2014,6008074,CD To Sell,2017-01-08 11:21:29,,,
DOLP08,This Is The Kit,Krulle Bol,Microbe Records,"LP, Album, Ltd",4,2007,2878534,Vinyls - Folk,2016-12-30 14:39:56,Near Mint (NM or M-),Very Good (VG),Numbered 358/500 & signed by the band.
PMZ78,Empire Drowns,Bridge,Mighty Music,"CD, EP",3,0,5828193,CD To Sell,2017-09-04 13:37:28,Very Good Plus (VG+),Very Good Plus (VG+),Promo CD
CMTWAFTF,Crackmind,The Wreck Age - I. Face To Faith,MindProduction,"12"", MiniAlbum, Ltd, Red",5,2017,9714627,Vinyls - Hard-Rock,2017-01-23 13:07:21,Mint (M),Mint (M),New & Sealed
CMTWAFTF/1,Crackmind,The Wreck Age - I. Face To Faith,MindProduction,"CD, MiniAlbum, EP",5,2016,9558503,CD - Hard-Rock,2016-12-26 02:27:46,Mint (M),Mint (M),New & Sealed
none,Crackmind,Born Again Crackmind,MindProduction,"CD, Album",5,2009,9039031,CD - Hard-Rock,2016-11-18 08:09:57,Mint (M),Mint (M),New & Sealed
none,Crackmind,Call MIND-1-1,MindProduction,"CD, Album",4,2007,8313835,CD - Hard-Rock,2016-11-18 08:10:46,Mint (M),Mint (M),New & Sealed
none,Crackmind,A Rose May Fly ...,MindProduction,"CD, EP",4,2008,9538556,CD - Hard-Rock,2016-12-22 07:16:52,Mint (M),Mint (M),New  & Sealed
MODCD126,Tame Impala,Innerspeaker,Modular Recordings,"CD, Album, Enh, Dig",3,2010,2302950,CD To Sell,2017-01-09 13:25:49,,,
63985-78120-2,Mötley Crüe,New Tattoo,"Mötley Records, Beyond (3)","CD, Album",2,2000,3407596,CD To Sell,2017-01-08 12:15:30,,,
CDMFN 135,Paradise Lost,Shades Of God,Music For Nations,"CD, Album",3,1992,7048460,"CD - Doom, Death, Black Metal",2017-01-10 08:48:39,,,
MFN 60 DM,Metallica,Master Of Puppets,Music For Nations,"2x12"", Album, Ltd, RE, Dir",4,1987,632458,Vinyls - Metal,2016-11-19 08:26:40,Near Mint (NM or M-),Near Mint (NM or M-),
2M124-13543/44,Joe Dassin,Enregistrement Originaux,Music For Pleasure,"2xLP, Comp",,1980,889507,Vinyls To Sell,2017-06-05 05:33:27,Very Good Plus (VG+),Very Good Plus (VG+),
MOVLP250,Queens Of The Stone Age,Lullabies To Paralyze,"Music On Vinyl, Interscope Records","LP, 180 + LP, S/Sided, Etch, 180 + Album, RE, Gat",4,2011,3142675,Vinyls - Hard-Rock,2017-12-21 05:47:49,Near Mint (NM or M-),Near Mint (NM or M-),Besides Records.
MOVLP731,Jamiroquai,Travelling Without Moving,"Music On Vinyl, Sony Music","2xLP, Album, RE, RM, 180",4,2013,4381728,Vinyls - Unclassified,2017-06-26 00:37:46,Near Mint (NM or M-),Near Mint (NM or M-),
"XSPOON8_UK, XSPOON8",Can,Ege Bamyasi,"Mute, Spoon Records","LP, Album, RE, RM",4,2014,5821764,Vinyls - Prog Rock,2017-12-21 05:52:39,Near Mint (NM or M-),Near Mint (NM or M-),Besides Records.
NV 812171,MoriArty (3),"""Gee Whiz But This Is A Lonesome Town""",Naïve,"CD, Album, Promo, Car",,2007,4514282,CD To Sell,2017-01-06 13:27:56,,,
needno008,This Is The Kit,Moon,Need No Water Records,"7""",4,2010,3887518,7'',2016-12-29 13:21:39,Very Good Plus (VG+),Near Mint (NM or M-),
Needno011,This Is The Kit,Earthquake,Need No Water Records,"7"", Single, blu",4,2011,4615670,7'',2016-12-29 13:28:52,Very Good Plus (VG+),Near Mint (NM or M-),
NW5116,All Them Witches,Lightning At The Door,New West Records,"LP, Album, Ltd, RE, Cle + 7"", Single",3,2016,7968182,Vinyls - Revival Rock,2017-05-10 01:35:50,Mint (M),Mint (M),B1 skips !
NW5117,All Them Witches,Dying Surfer Meets His Maker,New West Records,"LP, Album, Ltd, Whi",5,2015,7773911,Vinyls - Revival Rock,2017-10-26 05:48:04,Near Mint (NM or M-),Near Mint (NM or M-),White vinyl.
NW5147,All Them Witches,Sleeping Through The War,New West Records,"LP, Album",4,2017,9870456,Vinyls - Revival Rock,2017-05-10 01:35:20,Mint (M),Mint (M),
"NTR001LP, NTR001",Soul Manifest,White Season,"Night Tripper Records, Night Tripper Records","LP, Album, Ltd",3,2010,2718865,Vinyls - Revival Rock,2016-12-19 13:41:12,Near Mint (NM or M-),Near Mint (NM or M-),
NRR045,Däng,Tartarus: The Darkest Realm,No Remorse Records (4),"CD, Album, RM",3,2014,5391393,CD To Sell,2017-09-04 13:36:27,Very Good Plus (VG+),Very Good Plus (VG+),Promo CD
KBS001,"Stonebirds, Stangala",The Kreizh-Breizh Sessions Vol.1,Not On Label,"CD, Album, Dlx, Ltd",3,2013,6841716,CD To Sell,2017-01-08 09:38:52,,,
ETE 001 CD,Eternal (32),From The Free,Not On Label (Eternal (32) - Self-released),"CD, EP",5,1996,9050589,"CD - Doom, Death, Black Metal",2016-11-18 08:27:21,Mint (M),Mint (M),New & Sealed
monk02,Monkey 3,Undercover,Not On Label (Monkey 3 Self-released),"CD, EP",4,2009,2999711,"CD - Stoner, Sludge, Doom",2017-01-10 12:50:15,,,
Delta Saints,The Delta Saints,Monte Vista,Not On Label (The Delta Saints Self-released),"LP, Ltd, Gat",5,2017,9948390,Vinyls - Revival Rock,2017-07-02 02:17:23,Near Mint (NM or M-),Near Mint (NM or M-),"Leffinge, 01/07/2017, Signed By The Band."
"NE 3822-1, 27361 38221",Opeth,Sorceress,"Nuclear Blast Entertainment, Nuclear Blast Entertainment, Moderbolaget Records, Moderbolaget Records","2xLP, Album",4,2016,9073266,Vinyls - Metal,2016-11-20 13:47:44,Near Mint (NM or M-),Near Mint (NM or M-),
"NB 2716-0, 27361 27160",Graveyard (3),Hisingen Blues,"Nuclear Blast, Nuclear Blast","CD, Album, Ltd, Dig",4,2011,3146256,CD - 70's Revival Hard-Rock,2017-01-08 08:52:11,,,
"NB 2716-1, 27361 27161",Graveyard (3),Hisingen Blues,"Nuclear Blast, Nuclear Blast","LP, Album, Ltd, Cle",5,2011,4340894,Vinyls - Revival Rock,2016-12-03 11:39:44,Near Mint (NM or M-),Near Mint (NM or M-),
"NB 2956-0, 29560",Witchcraft (6),Legend,"Nuclear Blast, Nuclear Blast","CD, Album, Ltd, Dig",4,2012,3961800,CD - 70's Revival Hard-Rock,2017-01-08 08:57:46,,,
"NB 2963-1, 27361 29631",Graveyard (3),Lights Out,"Nuclear Blast, Nuclear Blast","LP, Album, Ltd",4,2012,3977717,Vinyls - Revival Rock,2017-04-26 01:18:11,Mint (M),Mint (M),
"NB 3064-1, 27361 30641",Kadavar,Abra Kadavar,"Nuclear Blast, Nuclear Blast","LP, Album, Ltd, RP, Blu",4,2013,4548093,Vinyls - Revival Rock,2017-02-26 07:16:05,Near Mint (NM or M-),Near Mint (NM or M-),Transparent blue. Signed by the band.
"NB 3359-1, 27361 33591",Slayer,Repentless,"Nuclear Blast, Nuclear Blast","LP, Album",5,2015,7461543,Vinyls - Metal,2017-04-24 05:10:10,Mint (M),Mint (M),
"NB 3564-1, 27361 35641",Graveyard (3),Innocence & Decadence,"Nuclear Blast, Nuclear Blast","LP, Album, Ltd, Yel",4,2015,7839639,Vinyls - Revival Rock,2017-04-29 07:27:13,Mint (M),Mint (M),Gatefold. Black Vinyl.
"NB 3671-1, 27361 36711",Magnus Pelander,Time,"Nuclear Blast, Nuclear Blast","LP, Album",5,2016,9229599,Vinyls - Hard-Rock,2016-12-25 13:41:53,Near Mint (NM or M-),Near Mint (NM or M-),
OPCD 010,Impaled Nazarene,Tol Cormpt Norz Norz Norz...,Osmose Productions,"CD, Album",4,1993,3521066,CD To Sell,2017-01-08 12:00:45,,,
OPCD 212,Phazm,Cornerstone Of The Macabre,Osmose Productions,CD,3,2008,3491071,CD To Sell,2017-01-08 12:55:21,,,
7243 5 39821 2 6,David Bowie,Best Of Bowie,Parlophone,"2xCD, Comp, RE, RM",,2014,8017758,CD,2017-01-11 13:47:26,,,
5099994648522,Danger Mouse & Daniele Luppi,Rome,"Parlophone, Lex Records","CD, Album",4,2011,2918250,CD,2017-01-06 14:02:26,,,
PTKF2147-1,The Black Angels,Death Song,Partisan Records,"2xLP, Album",5,2017,10146577,Vinyls - Revival Rock,2017-06-02 05:22:11,Near Mint (NM or M-),Near Mint (NM or M-),
2C 178-14997 / 8,Bourvil,C'Etait Bien,Pathé,"2xLP, Comp, RE",4,1979,10038159,Vinyls - Unclassified,2017-05-03 05:13:29,Very Good Plus (VG+),Very Good Plus (VG+),
PFG101CD,Findlay Brown,Separated By The Sea,Peacefrog Records,"CD, Album",,2007,912620,CD - Folk,2017-01-08 11:46:10,,,
CDVILED220,Shining (3),IV : The Eerie Cold,Peaceville,"CD, Album",4,2008,8981063,CD To Sell,2017-01-10 08:51:36,,,
VILE 26CD,Paradise Lost,Gothic,Peaceville,"CD, Album",4,1991,5950842,"CD - Doom, Death, Black Metal",2017-01-10 08:49:28,,,
812 113-1,Paul Personne,Exclusif,Philips,"12"", MiniAlbum",,1983,3735512,Vinyls To Sell,2017-06-05 05:40:46,Near Mint (NM or M-),Very Good Plus (VG+),
9101 004,Ange (4),Au-Delà Du Délire,Philips,"LP, Album",,1974,865333,Vinyls - Prog Rock,2017-01-04 11:55:34,,,
9101 012,Ange (4),Emile Jacotey,Philips,"LP, Album, Gat",,1975,1364140,Vinyls - Prog Rock,2017-01-04 11:56:51,,,
9101 022,Ange (4),Le Cimetière Des Arlequins,Philips,"LP, Album, Gat",,1973,745512,Vinyls - Prog Rock,2017-01-04 11:59:26,,,
9101 044,Georges Brassens,2 - Les Amoureux Des Bancs Publics,Philips,"LP, Album, Comp, RE, Gat",,1972,8168635,Vinyls To Sell,2017-06-05 05:59:11,Very Good Plus (VG+),Very Good (VG),
9101 050,Georges Brassens,8 - Les Copains D'Abord,Philips,"LP, Album, RE, Gat",,1972,749856,Vinyls To Sell,2017-06-05 06:02:36,Very Good Plus (VG+),Very Good (VG),
"6325 013, 6397 007",Georges Brassens,5 - Le Pornographe,"Philips, Philips","LP, Comp, RE, Gat",,1972,5078764,Vinyls To Sell,2017-06-05 05:54:40,Very Good Plus (VG+),Good Plus (G+),
"9 101 043, 9101043, 9101 043",Georges Brassens,1 - La Mauvaise Réputation,"Philips, Philips, Philips","LP, Album, Comp, RE, Gat",,1979,405163,Vinyls To Sell,2017-06-05 06:01:06,Very Good Plus (VG+),Very Good (VG),
"9101 045, 9101045, 9 101 045, 6397 005",Georges Brassens,3 - Chanson Pour L'Auvergnat,"Philips, Philips, Philips, Philips","LP, Album, Comp, RE, Gat",,1972,902962,Vinyls To Sell,2017-06-05 06:01:53,Very Good Plus (VG+),Very Good (VG),
"PFRLP2, 0825646493180",Pink Floyd,A Saucerful Of Secrets,"Pink Floyd Records, Columbia","LP, Album, RE, RM, 180",3,2016,8558911,Vinyls - Prog Rock,2017-10-02 04:50:21,Mint (M),Near Mint (NM or M-),Fnac 20€.
PL9-CD 11,Glenn Danzig,Black Aria,Plan 9,"CD, Album",3,1992,378957,CD - Hard-Rock,2017-01-08 11:54:08,,,
2310 516,King Crimson,In The Court Of The Crimson King (An Observation By King Crimson),Polydor,"LP, Album, RE, Gat",,1977,633422,Vinyls - Prog Rock,2017-01-04 12:54:55,,,
2310 518,King Crimson,Lizard,Polydor,"LP, Album, RE, Gat",,0,8254360,Vinyls - Prog Rock,2016-12-30 13:57:45,Very Good (VG),Good (G),
2391 542,Rainbow,Straight Between The Eyes,Polydor,"LP, Album",4,1982,3560441,Vinyls To Sell,2017-05-12 06:03:13,Good (G),Very Good Plus (VG+),
2480 056,The Who,Who's Next,Polydor,"LP, Album, RE",,0,1244653,Vinyls - Classic Rock,2016-12-19 13:25:46,,Poor (P),
2484 006,The Who,Live At Leeds,Polydor,"LP, Album",,1970,5462260,Vinyls - Classic Rock,2018-01-06 06:59:43,Very Good Plus (VG+),Very Good Plus (VG+),Héritage Patrick Ibarra
2625 028,Various,Tommy (Original Soundtrack Recording),Polydor,"2xLP, Album, Gat",,1975,2222206,Vinyls - Classic Rock,2017-08-19 06:05:48,Very Good Plus (VG+),Very Good (VG),
2675 141,Ted Nugent And The Amboy Dukes,Survival Of The Fittest - Live,Polydor,"LP, Album",,1971,7435702,Vinyls - Classic Rock,2016-11-20 13:33:27,Near Mint (NM or M-),,
4783458,Michael Kiwanuka,Love & Hate,Polydor,"2xLP, Album",4,2016,8778580,Vinyls - Unclassified,2017-08-11 06:16:45,Near Mint (NM or M-),Near Mint (NM or M-),
658 141,Taste (2),Taste,Polydor,LP,,1969,5863980,Vinyls - Classic Rock,2018-01-06 03:52:30,Very Good Plus (VG+),Very Good Plus (VG+),Héritage Patrick Ibarra
2C 008-95 246,Deep Purple,Might Just Take Your Life,Purple Records,"7"", Single",,1974,3802857,7'',2017-08-05 05:31:04,Near Mint (NM or M-),Good (G),
"2 C 064-93261, 2C 064-93.261",Deep Purple,Machine Head,"Purple Records, Purple Records","LP, Album, Gat",5,1972,1149349,Vinyls - Classic Rock,2016-12-30 14:31:07,Very Good (VG),Very Good Plus (VG+),
"2 C 162-93915/6, 2C 162-93.915/2C 162-93.916",Deep Purple,Made In Japan,"Purple Records, Purple Records","2xLP, Album, RE, Gat",4,1974,2303740,Vinyls - Classic Rock,2016-11-19 02:59:50,Near Mint (NM or M-),,
"TPSA 7508, IE 064 º 94140",Deep Purple,Who Do We Think We Are,"Purple Records, Purple Records","LP, Album, Gat",4,1973,459205,Vinyls - Classic Rock,2017-08-19 06:16:23,Very Good Plus (VG+),Very Good Plus (VG+),
QSR 007,Ajuna,Prisoners Of The Sun,Quality Steel Records,"CD, Album",3,2013,4985256,CD To Sell,2017-09-04 13:33:05,Very Good Plus (VG+),Very Good Plus (VG+),Promo CD
82876 59795 2,Velvet Revolver,Contraband,RCA,"CD, Album, Copy Prot., Sli",2,2004,5302578,CD - Hard-Rock,2017-01-10 08:39:08,,,
NL 83890,David Bowie,Aladdin Sane,RCA International,"LP, Album, RE",,1981,566623,Vinyls - Classic Rock,2017-08-19 06:32:07,Very Good Plus (VG+),Very Good (VG),
"41127, 41.127",The Sweet,The Ballroom Blitz,"RCA Victor, RCA Victor","7"", Single",,1973,2957609,7'',2017-08-05 05:33:21,Very Good Plus (VG+),Very Good (VG),
82876 50351 2,Jefferson Airplane,Surrealistic Pillow,"RCA, BMG Heritage","CD, Album, RE, RM",,2003,541511,CD To Sell,2017-01-06 13:22:14,,,
"RECALL 029, REC RE0122",The Servant,The Servant,"Recall, Recall","CD, Album",3,2004,1611338,CD To Sell,2017-01-08 12:25:02,,,
"RECALL 121, Recall 121-8345118562",The Servant,How To Destroy A Relationship,"Recall, Recall","CD, Album",3,2006,1270235,CD To Sell,2017-01-08 12:23:59,,,
SUP07LP,Supuration,The Cube,"Reincarnate, Danceteria","LP, Album",4,1993,4022452,Vinyls - Metal,2017-06-04 15:03:30,,Fair (F),Disque déformé...
RR7175,Royal Thunder,CVI,Relapse Records,"CD, Album",3,2012,4023472,CD To Sell,2017-01-08 09:07:01,,,Signed By The Band
RR7190,Baroness,Yellow & Green,Relapse Records,"2xLP, Album",4,2012,3732906,Vinyls - Hard-Rock,2017-11-19 12:25:48,Near Mint (NM or M-),Near Mint (NM or M-),Inner sleeves a bit torn on the edge. Small cut on the edge of the sleeve too. (Rarewaves)
"462973 2, REL 462973 2",Joe Satriani,Surfing With The Alien,"Relativity, Relativity","CD, Album, RE",3,1993,4323048,CD To Sell,2017-01-10 13:11:16,,,
44088,Neil Young,After The Gold Rush,Reprise Records,"LP, Album",3,1971,2713211,Vinyls - Folk,2016-12-19 12:53:02,Very Good (VG),Good (G),
459132-1,Mastodon,Crack The Skye,Reprise Records,"LP, Album, Ltd, RP, Blu",4,2015,7066426,Vinyls - Metal,2017-02-17 06:10:38,Near Mint (NM or M-),Near Mint (NM or M-),
7599-27239-1,Neil Young,Harvest,Reprise Records,"LP, Album, RE",4,0,2477751,Vinyls - Folk,2016-11-19 15:38:32,Near Mint (NM or M-),Near Mint (NM or M-),
9362-49376-7,Mastodon,Once More 'Round The Sun,Reprise Records,"2xLP, Album, Ltd, RP, Gre",4,2015,7904541,Vinyls - Metal,2017-02-17 06:14:50,Mint (M),Mint (M),
54040,Neil Young,Tonight's The Night,"Reprise Records, EMI Belgium","LP, Album",,1975,2435018,Vinyls - Folk,2016-12-19 12:48:08,Good Plus (G+),Fair (F),
"9362-49140-5, 558742-1, 1-558742",Mastodon,Emperor Of Sand,"Reprise Records, Reprise Records, Reprise Records","2xLP, Album, 180",5,2017,10051961,Vinyls - Metal,2017-03-30 08:08:07,Mint (M),Near Mint (NM or M-),"2xLP, 180g. Delivered with a small tear on the upper side of the sleeve."
RRCAR 7675-1,Mastodon,The Hunter,"Reprise Records, Roadrunner Records","LP, Album",4,2011,3202716,Vinyls - Metal,2017-02-17 06:08:33,Mint (M),Mint (M),
9362-49928-5,Serj Tankian,Elect The Dead,"Reprise Records, Serjical Strike Records","CD, Album, Dig",3,2007,1117659,CD To Sell,2017-01-09 13:44:06,,,
"REV 001, SUP08CD",Supuration,Still In The Sphere,"Revelation, Reincarnate","CD, MiniAlbum",3,1994,372805,CD To Sell,2017-01-10 08:50:01,Very Good Plus (VG+),Poor (P),
RISECD103,Witchcraft (6),The Alchemist,Rise Above Records,"CD, Album, RP",5,0,7306945,CD - 70's Revival Hard-Rock,2017-01-08 08:53:23,,,
RISELP156,Witchcraft (6),The Alchemist,Rise Above Records,"LP, Album, Ltd, Gat",5,2012,3938314,Vinyls - Revival Rock,2017-06-02 02:12:55,Near Mint (NM or M-),Near Mint (NM or M-),
RO 9236 2,Corrosion Of Conformity,Blind,"Roadracer Records, Relativity","CD, Album",3,1991,5663560,"CD - Stoner, Sludge, Doom",2017-01-10 12:50:49,,,
RR 7678-5,Slash (3) Featuring Myles Kennedy And The Conspirators,Apocalyptic Love,Roadrunner Records,"CD, Album + DVD-V + Dlx",3,2012,3655407,CD - Hard-Rock,2017-01-10 12:03:27,,,
RR 7778-2,Black Label Society,Order Of The Black,Roadrunner Records,"CD, Album",3,2010,2448794,CD - Hard-Rock,2017-01-08 12:02:47,,,
RR 7795-2,Slash (3),Slash,Roadrunner Records,"CD, Album",3,2010,2235037,CD - Hard-Rock,2017-01-10 12:01:45,,,
RR 7885-2,Megadeth,Endgame,Roadrunner Records,"CD, Album",3,2009,1922915,CD To Sell,2017-01-10 08:47:47,,,
RR 7962-2,Opeth,Watershed,Roadrunner Records,"CD, Album",5,2008,3772935,CD - Progressive Metal,2017-01-10 12:54:26,,,
RR 8009-2,Theory Of A Deadman,Scars & Souvenirs,Roadrunner Records,"CD, Album",2,2008,2862898,CD To Sell,2017-01-08 11:21:59,,,
RR 8016-2,Machine Head (3),The Blackening,Roadrunner Records,"CD, Album",4,2007,1122416,CD To Sell,2017-01-10 12:23:15,Near Mint (NM or M-),Near Mint (NM or M-),
RR 8048-2,Black Label Society,Shot To Hell,Roadrunner Records,"CD, Album",2,2006,1304176,CD - Hard-Rock,2017-01-08 12:05:28,,,
RR 8086-2,Black Stone Cherry,Black Stone Cherry,Roadrunner Records,"CD, Album",4,2007,1152351,CD - Hard-Rock,2017-01-08 12:26:00,,,Signed by the band
RR 8123-2,Opeth,Ghost Reveries,Roadrunner Records,"HDCD, Album",4,2005,507593,CD - Progressive Metal,2017-01-11 13:17:20,,,
RR 8157-8,Roadrunner United,The All-Star Sessions,Roadrunner Records,"CD, Album, Jew + DVD-V",,2005,7443556,CD To Sell,2017-01-09 13:38:26,,,
RR 8201-2,Wednesday 13,"Transylvania 90210: Songs Of Death, Dying, And The Dead",Roadrunner Records,"CD, Album",3,2005,440524,CD To Sell,2017-01-08 09:25:37,,,
RR 8425-2,Stone Sour,Stone Sour,Roadrunner Records,"CD, Album, Enh",3,2002,4837018,CD To Sell,2017-01-10 03:01:16,,,
RR 8442-2,Theory Of A Deadman,Theory Of A Deadman,Roadrunner Records,"CD, Album",3,2002,3367635,CD To Sell,2017-01-08 09:31:01,,,
RR 9795,Slayer,Hell Awaits,Roadrunner Records,"LP, Album",3,1985,4004901,Vinyls - Metal,2017-11-29 07:17:26,Near Mint (NM or M-),Near Mint (NM or M-),
RR 9868,Slayer,Show No Mercy,Roadrunner Records,"LP, Album",3,1984,404409,Vinyls - Metal,2016-11-20 13:03:22,Very Good Plus (VG+),Very Good (VG),
RR-9100-2,Type O Negative,Bloody Kisses,Roadrunner Records,"CD, Album",4,1993,666209,CD - Fusion Rock & Metal,2017-01-08 11:26:24,,,
SXM2-61038,Sinch,Clearing The Channel,"Rock Ridge Music, Sixthman","CD, Album",3,2005,5159017,CD To Sell,2017-01-08 11:27:51,,,
CD 9665,Dennis Caplinger,Lullaby Renditions Of Guns N' Roses,Rockabye Baby!,"CD, Album",,2009,8758288,CD To Sell,2017-01-09 13:43:29,,,
COC 59 101,The Rolling Stones,Goats Head Soup,Rolling Stones Records,"LP, Album",,1973,1692848,Vinyls - Classic Rock,2016-12-19 14:10:45,,,
"2C 008 61201, 2C 008 - 61.201",The Rolling Stones,Miss You,"Rolling Stones Records, Rolling Stones Records","7"", Single",,1978,1456339,7'',2017-08-02 12:43:49,Very Good Plus (VG+),Good Plus (G+),
"RS 19 116, 19 116",The Rolling Stones,Ain't Too Proud To Beg,"Rolling Stones Records, Rolling Stones Records","7"", Pap",,1974,2589320,7'',2017-08-05 05:26:42,Near Mint (NM or M-),Very Good (VG),
2658 110,Cream (2),Wheels Of Fire,RSO,"2xLP, RE, Album",4,1983,1683054,Vinyls - Classic Rock,2017-02-26 05:19:30,Near Mint (NM or M-),Near Mint (NM or M-),
SVEM0249,Lynyrd Skynyrd,Lyve-The Vicious Cycle Tour,"Sanctuary Records, Sanctuary Midline","DVD-V, NTSC",,2003,4899014,Uncategorized,2017-02-20 08:39:19,,,
SOM 350LP,Shining (3),"IX - Everyone, Everything, Everywhere, Ends",Season Of Mist,"2x12"", Album",4,2015,6906875,Vinyls - Metal,2017-09-06 04:53:27,Mint (M),Mint (M),Reçu le 18/09/2017.
"SOM 444LP, SOM444LP, SOM444LPES",Shining (3),X - Varg Utan Flock,"Season Of Mist, Season Of Mist, Season Of Mist","2x12"", Album, Ltd, Red",4,2018,11326263,Vinyls - Metal,2017-12-26 05:38:18,Near Mint (NM or M-),Near Mint (NM or M-),Season of Mist special limited edition (200).
"SOM 444LP, SOM444LP, SOM444LPES",Shining (3),X - Varg Utan Flock,"Season Of Mist, Season Of Mist, Season Of Mist","2x12"", Album, Ltd, Red",4,2018,11326263,Vinyls - Metal,2017-12-26 05:39:54,Mint (M),Mint (M),Season of Mist special limited edition (200). New & not sealed like the label sells this edition.
SHR 019,Sarnath,Overshine,Shiver Records (2),"CD, Album",2,1996,2733011,CD To Sell,2017-01-08 13:04:50,,,
D1-79179,Hank Williams III,Rebel Within,Sidewalk Records,"LP, Album, Ltd, RE, Lig",4,2011,2921408,Vinyls - Southern Rock / Country,2017-08-18 02:54:13,Very Good Plus (VG+),Very Good Plus (VG+),
"D1-79027, D1-79027 K.1",Hank Williams III,Damn Right Rebel Proud,"Sidewalk Records, Sidewalk Records","2xLP, Album, Gat + CD, Album",5,2008,1573127,Vinyls - Southern Rock / Country,2017-05-02 11:22:26,Near Mint (NM or M-),Very Good Plus (VG+),No cd.
SAR 08,The Chris Robinson Brotherhood,The Magic Door,Silver Arrow,"12"", Whi + 12"", Bla + Album",5,2012,3872914,Vinyls - Southern Rock / Country,2017-09-08 09:43:14,Near Mint (NM or M-),Near Mint (NM or M-),Cadeau Claire. 8/9 2017.
SOB EP 001,Cocoon (4),My Friends All Died In A Plane Crash,Sober & Gentle,LP,3,2007,2648500,Vinyls - Folk,2016-12-30 14:47:14,Near Mint (NM or M-),Near Mint (NM or M-),
82876 82911 2,Opeth,Damnation,"Sony BMG Music Entertainment, Music For Nations","CD, Album, RE",4,2006,711994,CD - Progressive Metal,2017-01-11 13:15:14,,,
82876829122,Opeth,Blackwater Park,"Sony BMG Music Entertainment, Music For Nations","CD, Album, RE",4,2006,719108,CD - Progressive Metal,2017-01-10 03:34:48,,,
82876832732,Opeth,Deliverance,"Sony BMG Music Entertainment, Music For Nations","CD, Album, RE",4,2006,797517,CD - Progressive Metal,2017-01-10 02:59:59,,,
"5201119, 5201119000",Jamiroquai,Dynamite,"Sony BMG Music Entertainment, Sony BMG Music Entertainment","CD, Album",3,2005,1058807,CD To Sell,2017-01-08 09:02:47,,,
S2 667267 1,Jamiroquai,Canned Heat,Sony Soho Square,"CD, Single, Car",4,1999,80487,CD To Sell,2017-01-08 12:28:06,,,
"EPC 665904 1, 665904 1",Jamiroquai,Deeper Underground,"Sony Soho Square, Sony Soho Square","CD, Single, Car",4,1998,153545,CD To Sell,2017-01-08 12:28:52,,,
SPINE708298,Whiskey Myers,Mud,Spinefarm Records,"LP, Album, Ora",4,2016,9375121,Vinyls - Southern Rock / Country,2017-04-26 01:19:50,Mint (M),Mint (M),Orange Transparent Vinyl
SPINE787017,Tyler Bryant & The Shakedown,Tyler Bryant & The Shakedown,"Spinefarm Records, Snakefarm Records (2)","LP, 180",3,2017,11123664,Vinyls - Hard-Rock,2017-12-05 12:55:32,Near Mint (NM or M-),Near Mint (NM or M-),"Leffinge, Belgium, 1/12/2017. Signed By Tyler & The Drummer."
SPITCD004,Black Label Society,Sonic Brew,Spitfire Records,"CD, Album",3,1999,7281139,CD - Hard-Rock,2017-01-09 13:29:59,,,
"SPITCD046, GAS 0000046 SPR",Black Label Society,Stronger Than Death,"Spitfire Records, Spitfire Records","CD, Album",4,2000,1341314,CD - Hard-Rock,2017-01-09 13:31:51,,,
"SPITCD255, GAS 0000255 SPR",Black Label Society,Kings Of Damnation,"Spitfire Records, Spitfire Records","CD, Comp + CD, Comp, Enh + Ltd, Dig",3,2005,1306306,CD - Hard-Rock,2017-01-22 04:23:09,,,
"SPITCD112, GAS 0000112 SPR, EDL EAG 358-2",Black Label Society,Alcohol Fueled Brewtality - Live !! + 5,"Spitfire Records, Spitfire Records, Eagle Rock Entertainment","2xCD, Album",4,2001,1304122,CD - Hard-Rock,2017-01-09 13:28:39,,,
"SPITCD176, GAS 0000176 SPR, EDL EAG 434-2",Black Label Society,1919 Eternal,"Spitfire Records, Spitfire Records, Eagle Rock Entertainment","CD, Album",3,2002,1304142,CD - Hard-Rock,2017-01-10 13:05:04,,,
XSPOON6/7,Can,Tago Mago,Spoon Records,"2xLP, Album, RE, RM, Gat",4,2014,5789703,Vinyls - Prog Rock,2017-11-21 05:54:36,Near Mint (NM or M-),Near Mint (NM or M-),Corner ding. (Fnac)
SP 445,Mark Lanegan,I'll Take Care Of You,Sub Pop,"LP, RE, 180",5,2017,10846477,Vinyls - Folk,2017-10-30 06:07:54,Mint (M),Mint (M),
SPCD 710,Iron And Wine,The Shepherd's Dog,Sub Pop,"CD, Album",,2007,4538568,CD - Folk,2017-01-08 12:08:52,,,
BURBLP 084,Birth Of Joy,Life In Babalou,Suburban Records,"LP, Album",4,2012,4596087,Vinyls - Revival Rock,2016-12-03 11:42:23,Near Mint (NM or M-),Near Mint (NM or M-),Bought in concert.
GAP004LP,Birth Of Joy,Prisoner,"Suburban Records, Grand Palais","LP, Album, Red",4,2014,5546487,Vinyls - Revival Rock,2016-11-28 13:23:55,Near Mint (NM or M-),Near Mint (NM or M-),
"BURB 153, TPE-194-1",Death Alley,Live At Roadburn,"Suburban Records, Tee Pee Records","LP, Album",4,2017,9907470,Vinyls - Hard-Rock,2017-03-08 01:26:54,Mint (M),Mint (M),Limited 180g black vinyl. 1000 copies only. First 100 copies with a limited patch !
B000874202,Chris Cornell,Carry On,"Suretone, Interscope Records","CD, Album",3,2007,2135752,CD To Sell,2017-01-10 02:58:49,,,
19407,Led Zeppelin,Royal Orleans / Candy Store Rock,Swan Song,"7"", Single",,1976,5105885,7'',2017-08-02 12:50:39,Very Good Plus (VG+),Good (G),
89 400,Led Zeppelin,Physical Graffiti,Swan Song,"2xLP, Album",4,1975,4970924,Vinyls - Classic Rock,2017-02-12 12:15:57,Very Good Plus (VG+),Very Good Plus (VG+),
"19402, 19 402",Led Zeppelin,Trampled Under Foot / Black Country Woman,"Swan Song, Swan Song","7""",,1975,8151124,7'',2017-08-02 12:49:30,Very Good Plus (VG+),Very Good (VG),
SM 8354,Dee N Dee,Words,Symbol Muzik,"CD, Album",,2008,2988221,CD To Sell,2017-01-10 03:22:03,,,
06025 473 929-5 (4),Eagles Of Death Metal,Zipper Down,"T-Boy Records, UMe","CD, Album",4,2015,7676592,CD To Sell,2017-01-06 12:57:25,,,
523020,Stevie Wonder,Innervisions,Tamla,"LP, Album, RE",,0,1140722,Vinyls - Unclassified,2016-12-19 13:34:36,Fair (F),,
175-1,Death Alley,Black Magick Boogieland,Tee Pee Records,"LP, Album, Cle",5,2015,8194571,Vinyls - Hard-Rock,2017-02-02 07:44:39,Mint (M),Mint (M),Download card and 2 Death Alley stickers.
848 030-1,Elton John,The Very Best Of,The Rocket Record Company,"2xLP, Comp",4,1990,479668,Vinyls - Classic Rock,2017-06-05 06:03:54,Very Good Plus (VG+),Very Good Plus (VG+),
"TH 3005, TH 3.005 B",The Moody Blues,Melancholy Man / Candle Of Life,"Threshold Records, Threshold Records","7"", Single",,1970,2025649,7'',2017-08-05 05:38:31,Very Good Plus (VG+),Good Plus (G+),
TRANS043,Siena Root,Different Realities,Transubstans Records,"CD, Album, Dig",4,2009,3666262,CD - 70's Revival Hard-Rock,2017-01-08 09:32:39,,,
TRANS116,Magnolia (10),Tänk Själv,Transubstans Records,"CD, Album, Dig",3,2012,4708283,CD To Sell,2017-01-06 13:21:48,,,
2676 003,The Who,The Who Sell Out,Triumph Records (3),"2xLP, Album, Comp",,1974,2330668,Vinyls - Classic Rock,2016-12-19 13:23:26,Very Good (VG),Very Good (VG),
TIM047,Jacco Gardner,Cabinet Of Curiosities,Trouble In Mind,"LP, Album, RP",4,2013,4304078,Vinyls - Revival Rock,2017-02-26 05:14:22,Near Mint (NM or M-),Near Mint (NM or M-),Signed by the band !
824 282 5,Mötley Crüe,Carnival Of Sins - Live,Universal,"2xDVD-V, PAL",4,2006,1515508,Uncategorized,2017-02-20 08:34:29,Near Mint (NM or M-),Near Mint (NM or M-),
8275550,"The Edge, Jimmy Page, Jack White (2)",It Might Get Loud,Universal,Blu-ray,4,2009,9689929,Uncategorized,2017-02-20 08:38:11,,,
B0009955-02,Alter Bridge,Blackbird,Universal Republic Records,"CD, Album",4,2007,3291420,CD - Modern Hard-Rock & Metal,2017-01-08 12:24:40,,,
"B0008996-02, 899602",Fair To Midland,Fables From A Mayfly: What I Tell You Three Times Is True,"Universal Republic Records, Serjical Strike Records","CD, Album",3,2007,1101108,CD To Sell,2017-01-06 14:22:51,,,
VVR1050452,The Black Keys,Attack & Release,"V2, Cooperative Music","CD, Album",4,2008,1328187,CD - Classic Rock,2017-01-11 13:43:38,,,
Ván029u,The Devil's Blood,The Time Of No Time Evermore,Ván,"2xLP, Album",5,2013,4586867,Vinyls - Revival Rock,2017-04-30 15:25:45,Near Mint (NM or M-),Near Mint (NM or M-),
"Ván019, PFL-041",The Devil's Blood,"Come, Reap","Ván, Profound Lore Records","CD, EP",4,2008,6519239,CD - 70's Revival Hard-Rock,2017-01-10 03:43:34,,,
00602517737280,Metallica,Death Magnetic,Vertigo,"CD, Album, Ltd, Dig",3,2008,1409568,CD - Thrash Metal,2017-01-10 03:32:06,,,
6359 109,Dire Straits,Love Over Gold,Vertigo,"LP, Album",4,1982,1024257,Vinyls - Unclassified,2016-12-29 13:48:44,Very Good (VG),Very Good (VG),
6360 011,Black Sabbath,Paranoid,Vertigo,"LP, Album",4,0,8875234,Vinyls - Hard-Rock,2017-08-15 14:48:17,Very Good Plus (VG+),Very Good Plus (VG+),Tranche écrite en rose.
6641 590,Status Quo,Live,Vertigo,"2xLP, Album, Gat",,1977,2947135,Vinyls - Classic Rock,2016-12-19 13:44:46,,Very Good Plus (VG+),
838 913-1,Kiss,Hot In The Shade,Vertigo,"LP, Album",1,1989,5656146,Vinyls To Sell,2016-11-20 12:17:59,Very Good Plus (VG+),Very Good Plus (VG+),
"VO 6, 847 903 VTY, 847.903 VTY",Black Sabbath,Black Sabbath,"Vertigo, Vertigo, Vertigo","LP, Album, Gat",5,1970,5239416,Vinyls - Hard-Rock,2016-11-19 15:58:35,Very Good Plus (VG+),Very Good Plus (VG+),
8829522,Caravan,Caravan,Verve Forecast,"CD, Album, RE, RM",4,2002,597224,CD- Progressive & Psych Rock,2017-01-06 14:31:21,,,
VOD153,King Gizzard And The Lizard Wizard,Polygondwanaland,Vinyl-on-demand,LP,4,2017,11277508,Vinyls - Prog Rock,2017-12-21 05:51:28,Near Mint (NM or M-),Near Mint (NM or M-),Besides Records.
0946 3115340 2,Mickey 3D,Matador,Virgin,"CD, Album, Enh",,2005,838619,CD To Sell,2017-01-08 09:04:58,,,
509993 07333 2 9,Alice In Chains,Black Gives Way To Blue,Virgin,"CD, Album",3,2009,2018026,CD To Sell,2017-01-10 13:01:59,Near Mint (NM or M-),Near Mint (NM or M-),
CDV 2551,Suicidal Tendencies,How Will I Laugh Tomorrow When I Can't Even Smile Today,Virgin,"CD, Album",4,1988,4858384,CD - Thrash Metal,2017-01-09 13:44:38,,,
V 2010,Tangerine Dream,Phaedra,Virgin,"LP, Album, Gat",4,1974,3501730,Vinyls - Prog Rock,2016-11-19 03:07:10,Near Mint (NM or M-),Very Good Plus (VG+),
"205 500-620, 205 500",Mike Oldfield,Crises,"Virgin, Virgin","LP, Album",,1983,5006560,Vinyls - Prog Rock,2016-12-30 12:52:11,Very Good (VG),Good Plus (G+),
"7243 5 83439 2 2, 724358343922",A Perfect Circle,Thirteenth Step,"Virgin, Virgin","CD, Album, Copy Prot.",3,2003,1145179,CD To Sell,2017-01-06 14:27:47,,,
"940 513, XBLY 940 513",Mike Oldfield,Ommadawn,"Virgin, Virgin","LP, Album, Gat",,1975,2247040,Vinyls - Prog Rock,2016-12-30 12:40:53,Good (G),Fair (F),
LDM 30166,Various,La Révolution Française 1789 - 1794,Vogue,"2xLP, Album",,1973,8131182,Vinyls - Unclassified,2017-05-03 04:58:24,Very Good Plus (VG+),Good Plus (G+),
16 600,Rod Stewart,Sailing / Stone Cold Sober,Warner Bros. Records,"7"", Single",,1975,2153234,7'',2017-08-05 05:37:25,Very Good Plus (VG+),Good Plus (G+),
522411-2,Devendra Banhart,What Will We Be,Warner Bros. Records,"CD, Album",,2009,2110611,CD To Sell,2017-01-11 13:32:32,,,
7599-23774-2,ZZ Top,Eliminator,Warner Bros. Records,"CD, Album, RE",5,0,390556,CD To Sell,2017-01-10 12:00:33,,,
7599-26681-1,Red Hot Chili Peppers,Blood Sugar Sex Magik,Warner Bros. Records,"2xLP, Album, RP, 140",5,0,5750524,Vinyls - Hard-Rock,2017-04-24 05:12:23,Mint (M),Mint (M),
9362-48140-2,Red Hot Chili Peppers,By The Way,Warner Bros. Records,"CD, Album",3,2002,368516,CD To Sell,2017-01-10 08:45:50,,,
9362-49564-8,Red Hot Chili Peppers,I'm With You,Warner Bros. Records,"CD, Album",2,2011,8906138,CD To Sell,2017-01-08 12:23:19,,,
"CDW 47386, 9-47386-2, 9362-47386-2",Red Hot Chili Peppers,Californication,"Warner Bros. Records (2), Warner Bros. Records (2), Warner Bros. Records (2)","CD, Album, Unofficial",4,1999,7504385,CD - Fusion Rock & Metal,2017-01-10 12:18:44,,,
"9362 49996-2, 49996-2",Red Hot Chili Peppers,Stadium Arcadium,"Warner Bros. Records, Warner Bros. Records","2xCD, Album, Dig",3,2006,1083664,CD To Sell,2017-01-11 13:30:08,,,
"WB 56 344, BS 3010",Fleetwood Mac,Rumours,"Warner Bros. Records, Warner Bros. Records","LP, Album, RE",,1984,2375995,Vinyls - Classic Rock,2016-12-30 13:55:22,Very Good (VG),Very Good Plus (VG+),
0349 70198-2,Led Zeppelin,Led Zeppelin,Warner Music Vision,"2xDVD-V, PAL, RP",5,0,5347918,Uncategorized,2017-02-20 08:43:11,,,
8536-40226-2,Dream Theater,Metropolis 2000: Scenes From New York,Warner Music Vision,"DVD-V, RM, S/Edition, PAL",,2001,885813,Uncategorized,2017-02-20 08:35:31,,,
8122-79688-7,Led Zeppelin,Celebration Day,"Warner Music, Atlantic, Swan Song","2xCD, Album + DVD-V, PAL",,2012,4043711,CD - Classic Rock,2017-01-06 13:01:00,,,
4509-99340-2,Clawfinger,Use Your Brain,"WEA, MVG Records","CD, Album",4,1995,450644,CD To Sell,2017-01-06 14:05:58,,,
none,Whiskey Myers,Firewater,Wiggy Thump Records,"CD, Album",4,2011,5277778,CD - Fusion Rock & Metal,2017-01-10 12:09:57,,,
"5201052000, WIN 520105 2",Seether,Karma And Effect,"Wind-Up, Wind-Up","CD, Album",2,2005,2088304,CD To Sell,2017-01-08 08:45:08,,,
XLCD 283,Devendra Banhart,Smokey Rolls Down Thunder Canyon,XL Recordings,"CD, Album",,2007,1124428,CD To Sell,2017-01-11 13:33:49,,,
XLCD 520,Adele (3),21,XL Recordings,"CD, Album",4,2011,7907524,CD To Sell,2017-01-08 09:14:01,,,
XLCD262,Elvis Perkins,Ash Wednesday,XL Recordings,"CD, Album",,2007,942983,CD - Folk,2017-01-06 12:58:56,,,
XLLP 121,The Prodigy,The Fat Of The Land,XL Recordings,"2xLP, Album, RE",4,2006,1553943,Vinyls - Hard-Rock,2017-09-11 11:48:19,Near Mint (NM or M-),Near Mint (NM or M-),Reçu 11/09/2017.
XLLP868,Radiohead,OK Computer OKNOTOK 1997 2017,XL Recordings,"3xLP, Album, RE, RM",4,2017,10471009,Vinyls - Unclassified,2017-08-11 06:11:27,Near Mint (NM or M-),Near Mint (NM or M-),"Delivered With A Scratch On ""Skip"" Side"
XLCD359,The Raconteurs,Consolers Of The Lonely,"XL Recordings, Third Man Records","CD, Album",3,2008,1288821,CD To Sell,2017-01-06 13:41:46,,,
GCR 20080-2,Miracle Master,Tattooed Woman,ZYX Music,"CD, Album, Dig",2,2014,8057205,CD To Sell,2017-01-08 09:33:17,,,
