"insert into album_collected (USER_ID, ALBUM_ID, MEDIA_GRADING, SLEEVE_GRADING, NOTES, DATE_ADDED) values (",1,",",1,",",Near Mint (NM or M-),",",Near Mint (NM or M-),",",,",",2017-10-29 04:09:11,) ;
"insert into album_collected (USER_ID, ALBUM_ID, MEDIA_GRADING, SLEEVE_GRADING, NOTES, DATE_ADDED) values (",1,",",2,",",Mint (M),",",Mint (M),",",New & Sealed,",",2017-07-02 02:42:50,) ;
"insert into album_collected (USER_ID, ALBUM_ID, MEDIA_GRADING, SLEEVE_GRADING, NOTES, DATE_ADDED) values (",1,",",3,",",Mint (M),",",Near Mint (NM or M-),",",,",",2017-04-16 23:54:43,) ;
"insert into album_collected (USER_ID, ALBUM_ID, MEDIA_GRADING, SLEEVE_GRADING, NOTES, DATE_ADDED) values (",1,",",4,",",Very Good Plus (VG+),",",Very Good (VG),",",,",",2016-11-20 13:07:23,) ;
"insert into album_collected (USER_ID, ALBUM_ID, MEDIA_GRADING, SLEEVE_GRADING, NOTES, DATE_ADDED) values (",1,",",5,",",Mint (M),",",Mint (M),",",,",",2017-06-26 03:17:37,) ;
"insert into album_collected (USER_ID, ALBUM_ID, MEDIA_GRADING, SLEEVE_GRADING, NOTES, DATE_ADDED) values (",1,",",6,",",Near Mint (NM or M-),",",Very Good Plus (VG+),",",,",",2017-06-05 05:40:46,) ;
"insert into album_collected (USER_ID, ALBUM_ID, MEDIA_GRADING, SLEEVE_GRADING, NOTES, DATE_ADDED) values (",1,",",7,",",Mint (M),",",Mint (M),",",New & Sealed,",",2017-01-23 13:07:21,) ;
"insert into album_collected (USER_ID, ALBUM_ID, MEDIA_GRADING, SLEEVE_GRADING, NOTES, DATE_ADDED) values (",1,",",8,",",Very Good Plus (VG+),",",Generic,",",,",",2016-12-28 14:55:48,) ;
"insert into album_collected (USER_ID, ALBUM_ID, MEDIA_GRADING, SLEEVE_GRADING, NOTES, DATE_ADDED) values (",1,",",9,",",Near Mint (NM or M-),",",Near Mint (NM or M-),",",Cadeau Claire. 8/9 2017.,",",2017-09-08 09:43:14,) ;
"insert into album_collected (USER_ID, ALBUM_ID, MEDIA_GRADING, SLEEVE_GRADING, NOTES, DATE_ADDED) values (",1,",",10,",",Near Mint (NM or M-),",",Near Mint (NM or M-),",",,",",2016-12-03 12:08:12,) ;
"insert into album_collected (USER_ID, ALBUM_ID, MEDIA_GRADING, SLEEVE_GRADING, NOTES, DATE_ADDED) values (",1,",",11,",",Near Mint (NM or M-),",",Near Mint (NM or M-),",",,",",2017-02-23 16:30:31,) ;
"insert into album_collected (USER_ID, ALBUM_ID, MEDIA_GRADING, SLEEVE_GRADING, NOTES, DATE_ADDED) values (",1,",",12,",",Mint (M),",",Mint (M),",",Reçu le 18/09/2017.,",",2017-09-06 04:53:27,) ;
"insert into album_collected (USER_ID, ALBUM_ID, MEDIA_GRADING, SLEEVE_GRADING, NOTES, DATE_ADDED) values (",1,",",13,",",Near Mint (NM or M-),",",Near Mint (NM or M-),",",,",",2017-05-15 12:13:17,) ;
"insert into album_collected (USER_ID, ALBUM_ID, MEDIA_GRADING, SLEEVE_GRADING, NOTES, DATE_ADDED) values (",1,",",14,",",Near Mint (NM or M-),",",Near Mint (NM or M-),",",,",",2016-11-19 08:26:40,) ;
"insert into album_collected (USER_ID, ALBUM_ID, MEDIA_GRADING, SLEEVE_GRADING, NOTES, DATE_ADDED) values (",1,",",15,",",Near Mint (NM or M-),",",Near Mint (NM or M-),",",Season of Mist special limited edition (200).,",",2017-12-26 05:38:18,) ;
"insert into album_collected (USER_ID, ALBUM_ID, MEDIA_GRADING, SLEEVE_GRADING, NOTES, DATE_ADDED) values (",1,",",16,",",Mint (M),",",Mint (M),",",Season of Mist special limited edition (200). New & not sealed like the label sells this edition.,",",2017-12-26 05:39:54,) ;
"insert into album_collected (USER_ID, ALBUM_ID, MEDIA_GRADING, SLEEVE_GRADING, NOTES, DATE_ADDED) values (",1,",",17,",",Very Good (VG),",",Very Good (VG),",",,",",2017-08-19 06:12:23,) ;
"insert into album_collected (USER_ID, ALBUM_ID, MEDIA_GRADING, SLEEVE_GRADING, NOTES, DATE_ADDED) values (",1,",",18,",",Very Good Plus (VG+),",",,",",,",",2016-12-19 13:08:42,) ;
"insert into album_collected (USER_ID, ALBUM_ID, MEDIA_GRADING, SLEEVE_GRADING, NOTES, DATE_ADDED) values (",1,",",19,",",Near Mint (NM or M-),",",Very Good Plus (VG+),",","Signed By The Band. Bought At The Trabendo, Paris.",",",2016-12-03 09:09:18,) ;
"insert into album_collected (USER_ID, ALBUM_ID, MEDIA_GRADING, SLEEVE_GRADING, NOTES, DATE_ADDED) values (",1,",",20,",",Very Good Plus (VG+),",",Very Good Plus (VG+),",",,",",2016-11-19 15:52:48,) ;
"insert into album_collected (USER_ID, ALBUM_ID, MEDIA_GRADING, SLEEVE_GRADING, NOTES, DATE_ADDED) values (",1,",",21,",",,",",,",",,",",2017-01-04 12:59:10,) ;
"insert into album_collected (USER_ID, ALBUM_ID, MEDIA_GRADING, SLEEVE_GRADING, NOTES, DATE_ADDED) values (",1,",",22,",",Good Plus (G+),",",Very Good (VG),",",,",",2017-07-02 02:30:34,) ;
"insert into album_collected (USER_ID, ALBUM_ID, MEDIA_GRADING, SLEEVE_GRADING, NOTES, DATE_ADDED) values (",1,",",23,",",Near Mint (NM or M-),",",Near Mint (NM or M-),",",,",",2016-11-20 13:47:44,) ;
"insert into album_collected (USER_ID, ALBUM_ID, MEDIA_GRADING, SLEEVE_GRADING, NOTES, DATE_ADDED) values (",1,",",24,",",Near Mint (NM or M-),",",Near Mint (NM or M-),",",,",",2017-06-02 05:22:11,) ;
"insert into album_collected (USER_ID, ALBUM_ID, MEDIA_GRADING, SLEEVE_GRADING, NOTES, DATE_ADDED) values (",1,",",25,",",Near Mint (NM or M-),",",Near Mint (NM or M-),",",,",",2017-08-11 06:16:45,) ;
"insert into album_collected (USER_ID, ALBUM_ID, MEDIA_GRADING, SLEEVE_GRADING, NOTES, DATE_ADDED) values (",1,",",26,",",Near Mint (NM or M-),",",Near Mint (NM or M-),",",Inner sleeves a bit torn on the edge. Small cut on the edge of the sleeve too. (Rarewaves),",",2017-11-19 12:25:48,) ;
"insert into album_collected (USER_ID, ALBUM_ID, MEDIA_GRADING, SLEEVE_GRADING, NOTES, DATE_ADDED) values (",1,",",27,",",Very Good Plus (VG+),",",Very Good Plus (VG+),",",,",",2017-02-12 12:15:57,) ;
"insert into album_collected (USER_ID, ALBUM_ID, MEDIA_GRADING, SLEEVE_GRADING, NOTES, DATE_ADDED) values (",1,",",28,",",Near Mint (NM or M-),",",Near Mint (NM or M-),",",,",",2017-04-30 15:25:45,) ;
"insert into album_collected (USER_ID, ALBUM_ID, MEDIA_GRADING, SLEEVE_GRADING, NOTES, DATE_ADDED) values (",1,",",29,",",Very Good Plus (VG+),",",Good Plus (G+),",",,",",2017-05-03 04:58:24,) ;
"insert into album_collected (USER_ID, ALBUM_ID, MEDIA_GRADING, SLEEVE_GRADING, NOTES, DATE_ADDED) values (",1,",",30,",",Mint (M),",",Near Mint (NM or M-),",","2xLP, 180g. Delivered with a small tear on the upper side of the sleeve.",",",2017-03-30 08:08:07,) ;
"insert into album_collected (USER_ID, ALBUM_ID, MEDIA_GRADING, SLEEVE_GRADING, NOTES, DATE_ADDED) values (",1,",",31,",",Very Good (VG),",",Very Good (VG),",",,",",2016-12-19 13:23:26,) ;
"insert into album_collected (USER_ID, ALBUM_ID, MEDIA_GRADING, SLEEVE_GRADING, NOTES, DATE_ADDED) values (",1,",",32,",",Near Mint (NM or M-),",",Near Mint (NM or M-),",",,",",2017-10-13 10:43:30,) ;
"insert into album_collected (USER_ID, ALBUM_ID, MEDIA_GRADING, SLEEVE_GRADING, NOTES, DATE_ADDED) values (",1,",",33,",",Mint (M),",",Mint (M),",",,",",2017-08-07 03:04:22,) ;
"insert into album_collected (USER_ID, ALBUM_ID, MEDIA_GRADING, SLEEVE_GRADING, NOTES, DATE_ADDED) values (",1,",",34,",",Near Mint (NM or M-),",",Near Mint (NM or M-),",",,",",2016-12-25 13:41:00,) ;
"insert into album_collected (USER_ID, ALBUM_ID, MEDIA_GRADING, SLEEVE_GRADING, NOTES, DATE_ADDED) values (",1,",",35,",",Very Good (VG),",",Good Plus (G+),",",Skips on one song side C.,",",2016-12-30 14:02:13,) ;
"insert into album_collected (USER_ID, ALBUM_ID, MEDIA_GRADING, SLEEVE_GRADING, NOTES, DATE_ADDED) values (",1,",",36,",",Very Good Plus (VG+),",",Very Good (VG),",",,",",2017-08-19 06:05:48,) ;
"insert into album_collected (USER_ID, ALBUM_ID, MEDIA_GRADING, SLEEVE_GRADING, NOTES, DATE_ADDED) values (",1,",",37,",",,",",Very Good Plus (VG+),",",,",",2016-12-19 13:44:46,) ;
"insert into album_collected (USER_ID, ALBUM_ID, MEDIA_GRADING, SLEEVE_GRADING, NOTES, DATE_ADDED) values (",1,",",38,",",Near Mint (NM or M-),",",Very Good Plus (VG+),",",No cd.,",",2017-05-02 11:22:26,) ;
"insert into album_collected (USER_ID, ALBUM_ID, MEDIA_GRADING, SLEEVE_GRADING, NOTES, DATE_ADDED) values (",1,",",39,",",Near Mint (NM or M-),",",Very Good Plus (VG+),",",,",",2016-11-20 13:52:51,) ;
"insert into album_collected (USER_ID, ALBUM_ID, MEDIA_GRADING, SLEEVE_GRADING, NOTES, DATE_ADDED) values (",1,",",40,",",Mint (M),",",Mint (M),",",,",",2017-02-17 06:14:50,) ;
"insert into album_collected (USER_ID, ALBUM_ID, MEDIA_GRADING, SLEEVE_GRADING, NOTES, DATE_ADDED) values (",1,",",41,",",Near Mint (NM or M-),",",Mint (M),",",,",",2017-06-14 12:55:17,) ;
"insert into album_collected (USER_ID, ALBUM_ID, MEDIA_GRADING, SLEEVE_GRADING, NOTES, DATE_ADDED) values (",1,",",42,",",Near Mint (NM or M-),",",Near Mint (NM or M-),",",Reçu 11/09/2017.,",",2017-09-11 11:48:19,) ;
"insert into album_collected (USER_ID, ALBUM_ID, MEDIA_GRADING, SLEEVE_GRADING, NOTES, DATE_ADDED) values (",1,",",43,",",Near Mint (NM or M-),",",,",",,",",2016-11-19 02:59:50,) ;
"insert into album_collected (USER_ID, ALBUM_ID, MEDIA_GRADING, SLEEVE_GRADING, NOTES, DATE_ADDED) values (",1,",",44,",",Near Mint (NM or M-),",",Near Mint (NM or M-),",",,",",2017-06-14 03:41:35,) ;
"insert into album_collected (USER_ID, ALBUM_ID, MEDIA_GRADING, SLEEVE_GRADING, NOTES, DATE_ADDED) values (",1,",",45,",",Mint (M),",",Mint (M),",",,",",2017-02-14 05:00:16,) ;
"insert into album_collected (USER_ID, ALBUM_ID, MEDIA_GRADING, SLEEVE_GRADING, NOTES, DATE_ADDED) values (",1,",",46,",",Near Mint (NM or M-),",",Near Mint (NM or M-),",",,",",2017-10-26 05:52:22,) ;
"insert into album_collected (USER_ID, ALBUM_ID, MEDIA_GRADING, SLEEVE_GRADING, NOTES, DATE_ADDED) values (",1,",",47,",",Near Mint (NM or M-),",",Near Mint (NM or M-),",",,",",2017-06-26 00:37:46,) ;
"insert into album_collected (USER_ID, ALBUM_ID, MEDIA_GRADING, SLEEVE_GRADING, NOTES, DATE_ADDED) values (",1,",",48,",",Near Mint (NM or M-),",",Near Mint (NM or M-),",",Corner ding. (Fnac),",",2017-11-21 05:54:36,) ;
"insert into album_collected (USER_ID, ALBUM_ID, MEDIA_GRADING, SLEEVE_GRADING, NOTES, DATE_ADDED) values (",1,",",49,",",Mint (M),",",Mint (M),",",,",",2017-04-24 05:06:41,) ;
"insert into album_collected (USER_ID, ALBUM_ID, MEDIA_GRADING, SLEEVE_GRADING, NOTES, DATE_ADDED) values (",1,",",50,",",Mint (M),",",Mint (M),",",,",",2017-04-24 05:12:23,) ;
"insert into album_collected (USER_ID, ALBUM_ID, MEDIA_GRADING, SLEEVE_GRADING, NOTES, DATE_ADDED) values (",1,",",51,",",Very Good Plus (VG+),",",Very Good Plus (VG+),",",,",",2017-06-05 05:33:27,) ;
"insert into album_collected (USER_ID, ALBUM_ID, MEDIA_GRADING, SLEEVE_GRADING, NOTES, DATE_ADDED) values (",1,",",52,",",Very Good Plus (VG+),",",Very Good Plus (VG+),",",,",",2017-06-05 06:03:54,) ;
"insert into album_collected (USER_ID, ALBUM_ID, MEDIA_GRADING, SLEEVE_GRADING, NOTES, DATE_ADDED) values (",1,",",53,",",Very Good Plus (VG+),",",Very Good Plus (VG+),",",,",",2017-05-03 05:13:29,) ;
"insert into album_collected (USER_ID, ALBUM_ID, MEDIA_GRADING, SLEEVE_GRADING, NOTES, DATE_ADDED) values (",1,",",54,",",Near Mint (NM or M-),",",Near Mint (NM or M-),",",,",",2017-02-26 05:19:30,) ;
"insert into album_collected (USER_ID, ALBUM_ID, MEDIA_GRADING, SLEEVE_GRADING, NOTES, DATE_ADDED) values (",1,",",55,",",Very Good Plus (VG+),",",Very Good (VG),",",,",",2016-11-20 13:36:42,) ;
"insert into album_collected (USER_ID, ALBUM_ID, MEDIA_GRADING, SLEEVE_GRADING, NOTES, DATE_ADDED) values (",1,",",56,",",Near Mint (NM or M-),",",Near Mint (NM or M-),",","Delivered With A Scratch On ""Skip"" Side",",",2017-08-11 06:11:27,) ;
"insert into album_collected (USER_ID, ALBUM_ID, MEDIA_GRADING, SLEEVE_GRADING, NOTES, DATE_ADDED) values (",1,",",57,",",Near Mint (NM or M-),",",Good Plus (G+),",",,",",2017-08-05 05:34:21,) ;
"insert into album_collected (USER_ID, ALBUM_ID, MEDIA_GRADING, SLEEVE_GRADING, NOTES, DATE_ADDED) values (",1,",",58,",",Very Good Plus (VG+),",",Near Mint (NM or M-),",",,",",2016-12-29 13:21:39,) ;
"insert into album_collected (USER_ID, ALBUM_ID, MEDIA_GRADING, SLEEVE_GRADING, NOTES, DATE_ADDED) values (",1,",",59,",",Very Good Plus (VG+),",",Very Good (VG),",",,",",2017-08-02 12:49:30,) ;
"insert into album_collected (USER_ID, ALBUM_ID, MEDIA_GRADING, SLEEVE_GRADING, NOTES, DATE_ADDED) values (",1,",",60,",",Near Mint (NM or M-),",",Very Good Plus (VG+),",",,",",2016-12-02 05:15:56,) ;
"insert into album_collected (USER_ID, ALBUM_ID, MEDIA_GRADING, SLEEVE_GRADING, NOTES, DATE_ADDED) values (",1,",",61,",",Near Mint (NM or M-),",",Very Good (VG),",",,",",2017-08-05 05:26:42,) ;
"insert into album_collected (USER_ID, ALBUM_ID, MEDIA_GRADING, SLEEVE_GRADING, NOTES, DATE_ADDED) values (",1,",",62,",",Very Good Plus (VG+),",",Good Plus (G+),",",,",",2017-08-05 05:32:26,) ;
"insert into album_collected (USER_ID, ALBUM_ID, MEDIA_GRADING, SLEEVE_GRADING, NOTES, DATE_ADDED) values (",1,",",63,",",Near Mint (NM or M-),",",Very Good Plus (VG+),",",,",",2017-08-02 12:52:02,) ;
"insert into album_collected (USER_ID, ALBUM_ID, MEDIA_GRADING, SLEEVE_GRADING, NOTES, DATE_ADDED) values (",1,",",64,",",Very Good Plus (VG+),",",Very Good Plus (VG+),",",,",",2017-08-02 12:45:42,) ;
"insert into album_collected (USER_ID, ALBUM_ID, MEDIA_GRADING, SLEEVE_GRADING, NOTES, DATE_ADDED) values (",1,",",65,",",Near Mint (NM or M-),",",Very Good Plus (VG+),",",,",",2017-08-05 05:25:36,) ;
"insert into album_collected (USER_ID, ALBUM_ID, MEDIA_GRADING, SLEEVE_GRADING, NOTES, DATE_ADDED) values (",1,",",66,",",Very Good Plus (VG+),",",Good (G),",",,",",2017-08-05 05:40:25,) ;
"insert into album_collected (USER_ID, ALBUM_ID, MEDIA_GRADING, SLEEVE_GRADING, NOTES, DATE_ADDED) values (",1,",",67,",",Very Good Plus (VG+),",",Very Good (VG),",",,",",2017-08-02 12:53:36,) ;
"insert into album_collected (USER_ID, ALBUM_ID, MEDIA_GRADING, SLEEVE_GRADING, NOTES, DATE_ADDED) values (",1,",",68,",",Very Good Plus (VG+),",",Very Good (VG),",",,",",2017-08-05 05:35:26,) ;
"insert into album_collected (USER_ID, ALBUM_ID, MEDIA_GRADING, SLEEVE_GRADING, NOTES, DATE_ADDED) values (",1,",",69,",",Very Good (VG),",",Very Good (VG),",",,",",2017-08-02 12:47:22,) ;
"insert into album_collected (USER_ID, ALBUM_ID, MEDIA_GRADING, SLEEVE_GRADING, NOTES, DATE_ADDED) values (",1,",",70,",",Very Good (VG),",",Good Plus (G+),",",,",",2017-08-05 05:36:12,) ;
"insert into album_collected (USER_ID, ALBUM_ID, MEDIA_GRADING, SLEEVE_GRADING, NOTES, DATE_ADDED) values (",1,",",71,",",Near Mint (NM or M-),",",Good (G),",",,",",2017-08-05 05:31:04,) ;
"insert into album_collected (USER_ID, ALBUM_ID, MEDIA_GRADING, SLEEVE_GRADING, NOTES, DATE_ADDED) values (",1,",",72,",",Very Good Plus (VG+),",",Very Good (VG),",",,",",2017-08-05 05:33:21,) ;
"insert into album_collected (USER_ID, ALBUM_ID, MEDIA_GRADING, SLEEVE_GRADING, NOTES, DATE_ADDED) values (",1,",",73,",",Very Good Plus (VG+),",",Good Plus (G+),",",,",",2017-08-02 12:43:49,) ;
"insert into album_collected (USER_ID, ALBUM_ID, MEDIA_GRADING, SLEEVE_GRADING, NOTES, DATE_ADDED) values (",1,",",74,",",Very Good Plus (VG+),",",Good (G),",",,",",2017-08-02 12:50:39,) ;
"insert into album_collected (USER_ID, ALBUM_ID, MEDIA_GRADING, SLEEVE_GRADING, NOTES, DATE_ADDED) values (",1,",",75,",",Very Good Plus (VG+),",",Good Plus (G+),",",,",",2017-08-05 05:38:31,) ;
"insert into album_collected (USER_ID, ALBUM_ID, MEDIA_GRADING, SLEEVE_GRADING, NOTES, DATE_ADDED) values (",1,",",76,",",Very Good Plus (VG+),",",Good Plus (G+),",",,",",2017-08-05 05:37:25,) ;
"insert into album_collected (USER_ID, ALBUM_ID, MEDIA_GRADING, SLEEVE_GRADING, NOTES, DATE_ADDED) values (",1,",",77,",",Very Good Plus (VG+),",",Near Mint (NM or M-),",",,",",2016-12-29 13:28:52,) ;
"insert into album_collected (USER_ID, ALBUM_ID, MEDIA_GRADING, SLEEVE_GRADING, NOTES, DATE_ADDED) values (",1,",",78,",",Very Good Plus (VG+),",",Very Good Plus (VG+),",",,",",2016-12-02 04:53:38,) ;
"insert into album_collected (USER_ID, ALBUM_ID, MEDIA_GRADING, SLEEVE_GRADING, NOTES, DATE_ADDED) values (",1,",",79,",",Near Mint (NM or M-),",",Near Mint (NM or M-),",",,",",2016-12-03 11:36:04,) ;
"insert into album_collected (USER_ID, ALBUM_ID, MEDIA_GRADING, SLEEVE_GRADING, NOTES, DATE_ADDED) values (",1,",",80,",",Near Mint (NM or M-),",",Very Good Plus (VG+),",",,",",2017-08-05 05:21:39,) ;
"insert into album_collected (USER_ID, ALBUM_ID, MEDIA_GRADING, SLEEVE_GRADING, NOTES, DATE_ADDED) values (",1,",",81,",",Very Good Plus (VG+),",",Very Good Plus (VG+),",",Héritage Patrick Ibarra,",",2018-01-06 03:52:30,) ;
"insert into album_collected (USER_ID, ALBUM_ID, MEDIA_GRADING, SLEEVE_GRADING, NOTES, DATE_ADDED) values (",1,",",82,",",Near Mint (NM or M-),",",Near Mint (NM or M-),",",,",",2016-12-30 14:47:14,) ;
"insert into album_collected (USER_ID, ALBUM_ID, MEDIA_GRADING, SLEEVE_GRADING, NOTES, DATE_ADDED) values (",1,",",83,",",Near Mint (NM or M-),",",Near Mint (NM or M-),",",Besides Records.,",",2017-12-21 05:51:28,) ;
"insert into album_collected (USER_ID, ALBUM_ID, MEDIA_GRADING, SLEEVE_GRADING, NOTES, DATE_ADDED) values (",1,",",84,",",Near Mint (NM or M-),",",Near Mint (NM or M-),",",(Fnac),",",2017-11-20 01:25:26,) ;
"insert into album_collected (USER_ID, ALBUM_ID, MEDIA_GRADING, SLEEVE_GRADING, NOTES, DATE_ADDED) values (",1,",",85,",",Near Mint (NM or M-),",",Near Mint (NM or M-),",",,",",2017-12-06 05:01:57,) ;
"insert into album_collected (USER_ID, ALBUM_ID, MEDIA_GRADING, SLEEVE_GRADING, NOTES, DATE_ADDED) values (",1,",",86,",",Near Mint (NM or M-),",",Near Mint (NM or M-),",","Leffinge, Belgium, 1/12/2017. Signed By Tyler & The Drummer.",",",2017-12-05 12:55:32,) ;
"insert into album_collected (USER_ID, ALBUM_ID, MEDIA_GRADING, SLEEVE_GRADING, NOTES, DATE_ADDED) values (",1,",",87,",",Near Mint (NM or M-),",",Near Mint (NM or M-),",",Reçu le 07/09. No Stickers Anymore...,",",2017-08-24 06:59:59,) ;
"insert into album_collected (USER_ID, ALBUM_ID, MEDIA_GRADING, SLEEVE_GRADING, NOTES, DATE_ADDED) values (",1,",",88,",",Near Mint (NM or M-),",",Near Mint (NM or M-),",",Besides Records.,",",2017-12-21 05:47:49,) ;
"insert into album_collected (USER_ID, ALBUM_ID, MEDIA_GRADING, SLEEVE_GRADING, NOTES, DATE_ADDED) values (",1,",",89,",",Very Good Plus (VG+),",",Very Good (VG),",",,",",2017-08-19 06:10:49,) ;
"insert into album_collected (USER_ID, ALBUM_ID, MEDIA_GRADING, SLEEVE_GRADING, NOTES, DATE_ADDED) values (",1,",",90,",",Very Good Plus (VG+),",",Very Good Plus (VG+),",",Cracklings and surface noise.,",",2017-08-23 05:21:28,) ;
"insert into album_collected (USER_ID, ALBUM_ID, MEDIA_GRADING, SLEEVE_GRADING, NOTES, DATE_ADDED) values (",1,",",91,",",Very Good (VG),",",Very Good (VG),",",Don Patrick Ibarra,",",2017-10-22 09:08:36,) ;
"insert into album_collected (USER_ID, ALBUM_ID, MEDIA_GRADING, SLEEVE_GRADING, NOTES, DATE_ADDED) values (",1,",",92,",",Very Good Plus (VG+),",",Very Good Plus (VG+),",",,",",2017-02-20 04:28:23,) ;
"insert into album_collected (USER_ID, ALBUM_ID, MEDIA_GRADING, SLEEVE_GRADING, NOTES, DATE_ADDED) values (",1,",",93,",",Very Good Plus (VG+),",",Very Good Plus (VG+),",",,",",2016-11-20 11:24:24,) ;
"insert into album_collected (USER_ID, ALBUM_ID, MEDIA_GRADING, SLEEVE_GRADING, NOTES, DATE_ADDED) values (",1,",",94,",",Very Good Plus (VG+),",",Very Good Plus (VG+),",",,",",2016-11-20 12:56:40,) ;
"insert into album_collected (USER_ID, ALBUM_ID, MEDIA_GRADING, SLEEVE_GRADING, NOTES, DATE_ADDED) values (",1,",",95,",",Good Plus (G+),",",Very Good Plus (VG+),",",,",",2016-12-29 13:52:07,) ;
"insert into album_collected (USER_ID, ALBUM_ID, MEDIA_GRADING, SLEEVE_GRADING, NOTES, DATE_ADDED) values (",1,",",96,",",Very Good (VG),",",Very Good (VG),",",,",",2016-11-20 12:23:42,) ;
"insert into album_collected (USER_ID, ALBUM_ID, MEDIA_GRADING, SLEEVE_GRADING, NOTES, DATE_ADDED) values (",1,",",97,",",Near Mint (NM or M-),",",Near Mint (NM or M-),",",,",",2017-05-05 00:55:37,) ;
"insert into album_collected (USER_ID, ALBUM_ID, MEDIA_GRADING, SLEEVE_GRADING, NOTES, DATE_ADDED) values (",1,",",98,",",Near Mint (NM or M-),",",Near Mint (NM or M-),",",Signed by Scott.,",",2017-02-26 05:09:45,) ;
"insert into album_collected (USER_ID, ALBUM_ID, MEDIA_GRADING, SLEEVE_GRADING, NOTES, DATE_ADDED) values (",1,",",99,",",Mint (M),",",Near Mint (NM or M-),",",Promo Fnac: 15€.,",",2017-10-02 04:53:47,) ;
"insert into album_collected (USER_ID, ALBUM_ID, MEDIA_GRADING, SLEEVE_GRADING, NOTES, DATE_ADDED) values (",1,",",100,",",Very Good (VG),",",Very Good Plus (VG+),",",,",",2016-12-30 14:11:38,) ;
"insert into album_collected (USER_ID, ALBUM_ID, MEDIA_GRADING, SLEEVE_GRADING, NOTES, DATE_ADDED) values (",1,",",101,",",Very Good (VG),",",Very Good (VG),",",,",",2017-08-19 06:14:41,) ;
"insert into album_collected (USER_ID, ALBUM_ID, MEDIA_GRADING, SLEEVE_GRADING, NOTES, DATE_ADDED) values (",1,",",102,",",Near Mint (NM or M-),",",Near Mint (NM or M-),",",,",",2016-12-19 13:11:49,) ;
"insert into album_collected (USER_ID, ALBUM_ID, MEDIA_GRADING, SLEEVE_GRADING, NOTES, DATE_ADDED) values (",1,",",103,",",Near Mint (NM or M-),",",Near Mint (NM or M-),",",,",",2017-12-18 05:46:44,) ;
"insert into album_collected (USER_ID, ALBUM_ID, MEDIA_GRADING, SLEEVE_GRADING, NOTES, DATE_ADDED) values (",1,",",104,",",Very Good (VG),",",Very Good (VG),",",,",",2016-12-30 14:17:01,) ;
"insert into album_collected (USER_ID, ALBUM_ID, MEDIA_GRADING, SLEEVE_GRADING, NOTES, DATE_ADDED) values (",1,",",105,",",Very Good Plus (VG+),",",Very Good Plus (VG+),",",,",",2016-12-29 14:34:46,) ;
"insert into album_collected (USER_ID, ALBUM_ID, MEDIA_GRADING, SLEEVE_GRADING, NOTES, DATE_ADDED) values (",1,",",106,",",,",",,",",,",",2016-11-20 11:35:55,) ;
"insert into album_collected (USER_ID, ALBUM_ID, MEDIA_GRADING, SLEEVE_GRADING, NOTES, DATE_ADDED) values (",1,",",107,",",Very Good Plus (VG+),",",Very Good Plus (VG+),",",Héritage Patrick Ibarra,",",2018-01-06 06:55:40,) ;
"insert into album_collected (USER_ID, ALBUM_ID, MEDIA_GRADING, SLEEVE_GRADING, NOTES, DATE_ADDED) values (",1,",",108,",",Fair (F),",",Very Good (VG),",",,",",2016-12-30 13:15:28,) ;
"insert into album_collected (USER_ID, ALBUM_ID, MEDIA_GRADING, SLEEVE_GRADING, NOTES, DATE_ADDED) values (",1,",",109,",",Near Mint (NM or M-),",",Near Mint (NM or M-),",",Variant 4,",",2017-11-27 03:36:42,) ;
"insert into album_collected (USER_ID, ALBUM_ID, MEDIA_GRADING, SLEEVE_GRADING, NOTES, DATE_ADDED) values (",1,",",110,",",Very Good Plus (VG+),",",Very Good Plus (VG+),",",,",",2017-03-22 01:17:23,) ;
"insert into album_collected (USER_ID, ALBUM_ID, MEDIA_GRADING, SLEEVE_GRADING, NOTES, DATE_ADDED) values (",1,",",111,",",Good Plus (G+),",",Very Good (VG),",",,",",2017-11-29 07:18:26,) ;
"insert into album_collected (USER_ID, ALBUM_ID, MEDIA_GRADING, SLEEVE_GRADING, NOTES, DATE_ADDED) values (",1,",",112,",",Very Good Plus (VG+),",",Very Good Plus (VG+),",",Skips On The Intro A1. Inner Sleeve Missing.,",",2017-08-23 05:21:48,) ;
"insert into album_collected (USER_ID, ALBUM_ID, MEDIA_GRADING, SLEEVE_GRADING, NOTES, DATE_ADDED) values (",1,",",113,",",Very Good Plus (VG+),",",Very Good Plus (VG+),",",Reçu le 19/09/2017.,",",2017-09-15 14:32:47,) ;
"insert into album_collected (USER_ID, ALBUM_ID, MEDIA_GRADING, SLEEVE_GRADING, NOTES, DATE_ADDED) values (",1,",",114,",",Mint (M),",",Mint (M),",",,",",2017-10-30 06:00:20,) ;
"insert into album_collected (USER_ID, ALBUM_ID, MEDIA_GRADING, SLEEVE_GRADING, NOTES, DATE_ADDED) values (",1,",",115,",",Good (G),",",Good (G),",",,",",2016-12-29 14:29:25,) ;
"insert into album_collected (USER_ID, ALBUM_ID, MEDIA_GRADING, SLEEVE_GRADING, NOTES, DATE_ADDED) values (",1,",",116,",",,",",Poor (P),",",,",",2016-12-19 13:02:29,) ;
"insert into album_collected (USER_ID, ALBUM_ID, MEDIA_GRADING, SLEEVE_GRADING, NOTES, DATE_ADDED) values (",1,",",117,",",Very Good Plus (VG+),",",Very Good Plus (VG+),",",,",",2016-11-20 13:29:55,) ;
"insert into album_collected (USER_ID, ALBUM_ID, MEDIA_GRADING, SLEEVE_GRADING, NOTES, DATE_ADDED) values (",1,",",118,",",Very Good Plus (VG+),",",Very Good Plus (VG+),",",,",",2016-11-18 08:14:16,) ;
"insert into album_collected (USER_ID, ALBUM_ID, MEDIA_GRADING, SLEEVE_GRADING, NOTES, DATE_ADDED) values (",1,",",119,",",,",",,",",,",",2018-01-03 07:40:55,) ;
"insert into album_collected (USER_ID, ALBUM_ID, MEDIA_GRADING, SLEEVE_GRADING, NOTES, DATE_ADDED) values (",1,",",120,",",Very Good Plus (VG+),",",Good Plus (G+),",",Tampon. Écritures.,",",2017-08-19 06:27:00,) ;
"insert into album_collected (USER_ID, ALBUM_ID, MEDIA_GRADING, SLEEVE_GRADING, NOTES, DATE_ADDED) values (",1,",",121,",",Near Mint (NM or M-),",",Near Mint (NM or M-),",",Dax Riggs. Reçu le 07/09.,",",2017-08-11 06:17:41,) ;
"insert into album_collected (USER_ID, ALBUM_ID, MEDIA_GRADING, SLEEVE_GRADING, NOTES, DATE_ADDED) values (",1,",",122,",",Near Mint (NM or M-),",",Near Mint (NM or M-),",",,",",2016-11-20 13:11:22,) ;
"insert into album_collected (USER_ID, ALBUM_ID, MEDIA_GRADING, SLEEVE_GRADING, NOTES, DATE_ADDED) values (",1,",",123,",",Very Good Plus (VG+),",",Very Good Plus (VG+),",",Reçu le 19/09/2017. No OIS.,",",2017-09-15 14:31:51,) ;
"insert into album_collected (USER_ID, ALBUM_ID, MEDIA_GRADING, SLEEVE_GRADING, NOTES, DATE_ADDED) values (",1,",",124,",",Very Good (VG),",",Very Good Plus (VG+),",",,",",2016-12-30 14:36:01,) ;
"insert into album_collected (USER_ID, ALBUM_ID, MEDIA_GRADING, SLEEVE_GRADING, NOTES, DATE_ADDED) values (",1,",",125,",",Very Good (VG),",",Very Good (VG),",",,",",2017-01-05 07:25:31,) ;
"insert into album_collected (USER_ID, ALBUM_ID, MEDIA_GRADING, SLEEVE_GRADING, NOTES, DATE_ADDED) values (",1,",",126,",",Very Good Plus (VG+),",",Very Good Plus (VG+),",",,",",2017-02-26 06:17:58,) ;
"insert into album_collected (USER_ID, ALBUM_ID, MEDIA_GRADING, SLEEVE_GRADING, NOTES, DATE_ADDED) values (",1,",",127,",",Very Good Plus (VG+),",",Very Good Plus (VG+),",",Héritage Patrick Ibarra,",",2018-01-06 06:50:30,) ;
"insert into album_collected (USER_ID, ALBUM_ID, MEDIA_GRADING, SLEEVE_GRADING, NOTES, DATE_ADDED) values (",1,",",128,",",Near Mint (NM or M-),",",Very Good (VG),",",,",",2016-11-19 02:56:03,) ;
"insert into album_collected (USER_ID, ALBUM_ID, MEDIA_GRADING, SLEEVE_GRADING, NOTES, DATE_ADDED) values (",1,",",129,",",Very Good Plus (VG+),",",Very Good Plus (VG+),",",,",",2016-11-20 13:01:28,) ;
"insert into album_collected (USER_ID, ALBUM_ID, MEDIA_GRADING, SLEEVE_GRADING, NOTES, DATE_ADDED) values (",1,",",130,",",Mint (M),",",Mint (M),",",,",",2017-05-10 01:35:20,) ;
"insert into album_collected (USER_ID, ALBUM_ID, MEDIA_GRADING, SLEEVE_GRADING, NOTES, DATE_ADDED) values (",1,",",131,",",Mint (M),",",Mint (M),",",,",",2017-04-24 05:10:10,) ;
"insert into album_collected (USER_ID, ALBUM_ID, MEDIA_GRADING, SLEEVE_GRADING, NOTES, DATE_ADDED) values (",1,",",132,",",Near Mint (NM or M-),",",Near Mint (NM or M-),",",,",",2016-12-25 13:41:53,) ;
"insert into album_collected (USER_ID, ALBUM_ID, MEDIA_GRADING, SLEEVE_GRADING, NOTES, DATE_ADDED) values (",1,",",133,",",,",",,",",,",",2017-01-04 11:55:34,) ;
"insert into album_collected (USER_ID, ALBUM_ID, MEDIA_GRADING, SLEEVE_GRADING, NOTES, DATE_ADDED) values (",1,",",134,",",Good (G),",",Very Good Plus (VG+),",",,",",2017-05-12 06:03:13,) ;
"insert into album_collected (USER_ID, ALBUM_ID, MEDIA_GRADING, SLEEVE_GRADING, NOTES, DATE_ADDED) values (",1,",",135,",",Very Good Plus (VG+),",",Very Good Plus (VG+),",",Héritage Patrick Ibarra,",",2018-01-06 06:59:43,) ;
"insert into album_collected (USER_ID, ALBUM_ID, MEDIA_GRADING, SLEEVE_GRADING, NOTES, DATE_ADDED) values (",1,",",136,",",Near Mint (NM or M-),",",,",",,",",2016-11-20 13:33:27,) ;
"insert into album_collected (USER_ID, ALBUM_ID, MEDIA_GRADING, SLEEVE_GRADING, NOTES, DATE_ADDED) values (",1,",",137,",",,",",Fair (F),",",Disque déformé...,",",2017-06-04 15:03:30,) ;
"insert into album_collected (USER_ID, ALBUM_ID, MEDIA_GRADING, SLEEVE_GRADING, NOTES, DATE_ADDED) values (",1,",",138,",",Very Good (VG),",",Good (G),",",,",",2016-12-19 12:53:02,) ;
"insert into album_collected (USER_ID, ALBUM_ID, MEDIA_GRADING, SLEEVE_GRADING, NOTES, DATE_ADDED) values (",1,",",139,",",Good Plus (G+),",",Fair (F),",",,",",2016-12-19 12:48:08,) ;
"insert into album_collected (USER_ID, ALBUM_ID, MEDIA_GRADING, SLEEVE_GRADING, NOTES, DATE_ADDED) values (",1,",",140,",",Mint (M),",",Mint (M),",",,",",2017-02-17 06:08:33,) ;
"insert into album_collected (USER_ID, ALBUM_ID, MEDIA_GRADING, SLEEVE_GRADING, NOTES, DATE_ADDED) values (",1,",",141,",",Near Mint (NM or M-),",",Near Mint (NM or M-),",",,",",2017-11-29 07:17:26,) ;
"insert into album_collected (USER_ID, ALBUM_ID, MEDIA_GRADING, SLEEVE_GRADING, NOTES, DATE_ADDED) values (",1,",",142,",",Very Good Plus (VG+),",",Very Good (VG),",",,",",2016-11-20 13:03:22,) ;
"insert into album_collected (USER_ID, ALBUM_ID, MEDIA_GRADING, SLEEVE_GRADING, NOTES, DATE_ADDED) values (",1,",",143,",",,",",,",",,",",2016-12-19 14:10:45,) ;
"insert into album_collected (USER_ID, ALBUM_ID, MEDIA_GRADING, SLEEVE_GRADING, NOTES, DATE_ADDED) values (",1,",",144,",",Near Mint (NM or M-),",",Near Mint (NM or M-),",",Bought in concert.,",",2016-12-03 11:42:23,) ;
"insert into album_collected (USER_ID, ALBUM_ID, MEDIA_GRADING, SLEEVE_GRADING, NOTES, DATE_ADDED) values (",1,",",145,",",Mint (M),",",Mint (M),",",Limited 180g black vinyl. 1000 copies only. First 100 copies with a limited patch !,",",2017-03-08 01:26:54,) ;
"insert into album_collected (USER_ID, ALBUM_ID, MEDIA_GRADING, SLEEVE_GRADING, NOTES, DATE_ADDED) values (",1,",",146,",",Very Good (VG),",",Very Good (VG),",",,",",2016-12-29 13:48:44,) ;
"insert into album_collected (USER_ID, ALBUM_ID, MEDIA_GRADING, SLEEVE_GRADING, NOTES, DATE_ADDED) values (",1,",",147,",",Very Good Plus (VG+),",",Very Good Plus (VG+),",",Tranche écrite en rose.,",",2017-08-15 14:48:17,) ;
"insert into album_collected (USER_ID, ALBUM_ID, MEDIA_GRADING, SLEEVE_GRADING, NOTES, DATE_ADDED) values (",1,",",148,",",Very Good Plus (VG+),",",Very Good Plus (VG+),",",,",",2016-11-20 12:17:59,) ;
"insert into album_collected (USER_ID, ALBUM_ID, MEDIA_GRADING, SLEEVE_GRADING, NOTES, DATE_ADDED) values (",1,",",149,",",Very Good (VG),",",Good Plus (G+),",",,",",2016-12-30 12:52:11,) ;
"insert into album_collected (USER_ID, ALBUM_ID, MEDIA_GRADING, SLEEVE_GRADING, NOTES, DATE_ADDED) values (",1,",",150,",",Near Mint (NM or M-),",",Near Mint (NM or M-),",",Signed. Bought In Lille At La Péniche.,",",2016-12-03 11:57:01,) ;
"insert into album_collected (USER_ID, ALBUM_ID, MEDIA_GRADING, SLEEVE_GRADING, NOTES, DATE_ADDED) values (",1,",",151,",",Very Good Plus (VG+),",",Very Good Plus (VG+),",",Only 2nd LP: My People...,",",2017-12-23 09:30:20,) ;
"insert into album_collected (USER_ID, ALBUM_ID, MEDIA_GRADING, SLEEVE_GRADING, NOTES, DATE_ADDED) values (",1,",",152,",",Near Mint (NM or M-),",",Near Mint (NM or M-),",",,",",2017-10-26 05:55:16,) ;
"insert into album_collected (USER_ID, ALBUM_ID, MEDIA_GRADING, SLEEVE_GRADING, NOTES, DATE_ADDED) values (",1,",",153,",",Near Mint (NM or M-),",",Near Mint (NM or M-),",",,",",2016-12-25 13:25:00,) ;
"insert into album_collected (USER_ID, ALBUM_ID, MEDIA_GRADING, SLEEVE_GRADING, NOTES, DATE_ADDED) values (",1,",",154,",",Near Mint (NM or M-),",",,",",,",",2016-12-03 11:50:13,) ;
"insert into album_collected (USER_ID, ALBUM_ID, MEDIA_GRADING, SLEEVE_GRADING, NOTES, DATE_ADDED) values (",1,",",155,",",Mint (M),",",Mint (M),",",Download card and 2 Death Alley stickers.,",",2017-02-02 07:44:39,) ;
"insert into album_collected (USER_ID, ALBUM_ID, MEDIA_GRADING, SLEEVE_GRADING, NOTES, DATE_ADDED) values (",1,",",156,",",Near Mint (NM or M-),",",Near Mint (NM or M-),",",,",",2017-09-27 00:56:06,) ;
"insert into album_collected (USER_ID, ALBUM_ID, MEDIA_GRADING, SLEEVE_GRADING, NOTES, DATE_ADDED) values (",1,",",157,",",,",",,",",,",",2016-11-20 11:27:43,) ;
"insert into album_collected (USER_ID, ALBUM_ID, MEDIA_GRADING, SLEEVE_GRADING, NOTES, DATE_ADDED) values (",1,",",158,",",Very Good Plus (VG+),",",Very Good (VG),",",,",",2017-06-05 05:59:11,) ;
"insert into album_collected (USER_ID, ALBUM_ID, MEDIA_GRADING, SLEEVE_GRADING, NOTES, DATE_ADDED) values (",1,",",159,",",Very Good Plus (VG+),",",Very Good (VG),",",,",",2017-06-05 06:01:06,) ;
"insert into album_collected (USER_ID, ALBUM_ID, MEDIA_GRADING, SLEEVE_GRADING, NOTES, DATE_ADDED) values (",1,",",160,",",Very Good Plus (VG+),",",Very Good (VG),",",,",",2017-06-05 06:01:53,) ;
"insert into album_collected (USER_ID, ALBUM_ID, MEDIA_GRADING, SLEEVE_GRADING, NOTES, DATE_ADDED) values (",1,",",161,",",Poor (P),",",Fair (F),",",,",",2016-12-19 13:14:34,) ;
"insert into album_collected (USER_ID, ALBUM_ID, MEDIA_GRADING, SLEEVE_GRADING, NOTES, DATE_ADDED) values (",1,",",162,",",Very Good (VG),",",Good (G),",",,",",2016-12-03 12:10:10,) ;
"insert into album_collected (USER_ID, ALBUM_ID, MEDIA_GRADING, SLEEVE_GRADING, NOTES, DATE_ADDED) values (",1,",",163,",",Very Good Plus (VG+),",",Very Good Plus (VG+),",",,",",2017-02-24 08:45:22,) ;
"insert into album_collected (USER_ID, ALBUM_ID, MEDIA_GRADING, SLEEVE_GRADING, NOTES, DATE_ADDED) values (",1,",",164,",",Good (G),",",Fair (F),",",,",",2016-12-19 14:05:21,) ;
"insert into album_collected (USER_ID, ALBUM_ID, MEDIA_GRADING, SLEEVE_GRADING, NOTES, DATE_ADDED) values (",1,",",165,",",Near Mint (NM or M-),",",Near Mint (NM or M-),",",,",",2017-10-17 09:44:18,) ;
"insert into album_collected (USER_ID, ALBUM_ID, MEDIA_GRADING, SLEEVE_GRADING, NOTES, DATE_ADDED) values (",1,",",166,",",Very Good Plus (VG+),",",Very Good Plus (VG+),",",,",",2016-11-20 12:45:32,) ;
"insert into album_collected (USER_ID, ALBUM_ID, MEDIA_GRADING, SLEEVE_GRADING, NOTES, DATE_ADDED) values (",1,",",167,",",Fair (F),",",Good Plus (G+),",",,",",2016-12-19 14:14:07,) ;
"insert into album_collected (USER_ID, ALBUM_ID, MEDIA_GRADING, SLEEVE_GRADING, NOTES, DATE_ADDED) values (",1,",",168,",",Good (G),",",Poor (P),",",,",",2016-12-30 12:56:18,) ;
"insert into album_collected (USER_ID, ALBUM_ID, MEDIA_GRADING, SLEEVE_GRADING, NOTES, DATE_ADDED) values (",1,",",169,",",Good (G),",",Fair (F),",",,",",2016-12-29 14:12:36,) ;
"insert into album_collected (USER_ID, ALBUM_ID, MEDIA_GRADING, SLEEVE_GRADING, NOTES, DATE_ADDED) values (",1,",",170,",",Very Good (VG),",",Very Good Plus (VG+),",",Echangé contre Paranoid. Vinyl Room.,",",2017-10-05 03:11:51,) ;
"insert into album_collected (USER_ID, ALBUM_ID, MEDIA_GRADING, SLEEVE_GRADING, NOTES, DATE_ADDED) values (",1,",",171,",",Very Good (VG),",",Very Good Plus (VG+),",",,",",2016-12-30 13:08:43,) ;
"insert into album_collected (USER_ID, ALBUM_ID, MEDIA_GRADING, SLEEVE_GRADING, NOTES, DATE_ADDED) values (",1,",",172,",",Very Good Plus (VG+),",",Very Good Plus (VG+),",",Almost Near Mint,",",2017-08-31 02:24:05,) ;
"insert into album_collected (USER_ID, ALBUM_ID, MEDIA_GRADING, SLEEVE_GRADING, NOTES, DATE_ADDED) values (",1,",",173,",",,",",,",",,",",2017-01-04 11:56:51,) ;
"insert into album_collected (USER_ID, ALBUM_ID, MEDIA_GRADING, SLEEVE_GRADING, NOTES, DATE_ADDED) values (",1,",",174,",",,",",,",",,",",2017-01-04 11:59:26,) ;
"insert into album_collected (USER_ID, ALBUM_ID, MEDIA_GRADING, SLEEVE_GRADING, NOTES, DATE_ADDED) values (",1,",",175,",",Very Good (VG),",",Very Good Plus (VG+),",",,",",2016-12-30 14:31:07,) ;
"insert into album_collected (USER_ID, ALBUM_ID, MEDIA_GRADING, SLEEVE_GRADING, NOTES, DATE_ADDED) values (",1,",",176,",",Very Good Plus (VG+),",",Very Good Plus (VG+),",",,",",2017-08-19 06:16:23,) ;
"insert into album_collected (USER_ID, ALBUM_ID, MEDIA_GRADING, SLEEVE_GRADING, NOTES, DATE_ADDED) values (",1,",",177,",",Very Good Plus (VG+),",",Very Good Plus (VG+),",",,",",2016-11-19 15:58:35,) ;
"insert into album_collected (USER_ID, ALBUM_ID, MEDIA_GRADING, SLEEVE_GRADING, NOTES, DATE_ADDED) values (",1,",",178,",",Near Mint (NM or M-),",",Very Good Plus (VG+),",",,",",2016-11-19 03:07:10,) ;
"insert into album_collected (USER_ID, ALBUM_ID, MEDIA_GRADING, SLEEVE_GRADING, NOTES, DATE_ADDED) values (",1,",",179,",",Good (G),",",Fair (F),",",,",",2016-12-30 12:40:53,) ;
"insert into album_collected (USER_ID, ALBUM_ID, MEDIA_GRADING, SLEEVE_GRADING, NOTES, DATE_ADDED) values (",1,",",180,",",Fair (F),",",Poor (P),",",,",",2016-12-19 13:00:36,) ;
"insert into album_collected (USER_ID, ALBUM_ID, MEDIA_GRADING, SLEEVE_GRADING, NOTES, DATE_ADDED) values (",1,",",181,",",Near Mint (NM or M-),",",Near Mint (NM or M-),",",,",",2017-11-30 12:08:20,) ;
"insert into album_collected (USER_ID, ALBUM_ID, MEDIA_GRADING, SLEEVE_GRADING, NOTES, DATE_ADDED) values (",1,",",182,",",Near Mint (NM or M-),",",Very Good (VG),",",Numbered 358/500 & signed by the band.,",",2016-12-30 14:39:56,) ;
"insert into album_collected (USER_ID, ALBUM_ID, MEDIA_GRADING, SLEEVE_GRADING, NOTES, DATE_ADDED) values (",1,",",183,",",Near Mint (NM or M-),",",Near Mint (NM or M-),",",,",",2016-12-19 13:41:12,) ;
"insert into album_collected (USER_ID, ALBUM_ID, MEDIA_GRADING, SLEEVE_GRADING, NOTES, DATE_ADDED) values (",1,",",184,",",Mint (M),",",Mint (M),",",,",",2017-04-26 01:18:11,) ;
"insert into album_collected (USER_ID, ALBUM_ID, MEDIA_GRADING, SLEEVE_GRADING, NOTES, DATE_ADDED) values (",1,",",185,",",Mint (M),",",Mint (M),",",,",",2017-02-09 06:42:22,) ;
"insert into album_collected (USER_ID, ALBUM_ID, MEDIA_GRADING, SLEEVE_GRADING, NOTES, DATE_ADDED) values (",1,",",186,",",Mint (M),",",Mint (M),",",,",",2017-10-29 04:11:08,) ;
"insert into album_collected (USER_ID, ALBUM_ID, MEDIA_GRADING, SLEEVE_GRADING, NOTES, DATE_ADDED) values (",1,",",187,",",Near Mint (NM or M-),",",Near Mint (NM or M-),",",,",",2016-12-03 11:39:44,) ;
"insert into album_collected (USER_ID, ALBUM_ID, MEDIA_GRADING, SLEEVE_GRADING, NOTES, DATE_ADDED) values (",1,",",188,",",Near Mint (NM or M-),",",Near Mint (NM or M-),",",,",",2017-06-02 02:12:55,) ;
"insert into album_collected (USER_ID, ALBUM_ID, MEDIA_GRADING, SLEEVE_GRADING, NOTES, DATE_ADDED) values (",1,",",189,",",Near Mint (NM or M-),",",Near Mint (NM or M-),",",,",",2016-12-02 12:38:44,) ;
"insert into album_collected (USER_ID, ALBUM_ID, MEDIA_GRADING, SLEEVE_GRADING, NOTES, DATE_ADDED) values (",1,",",190,",",Mint (M),",",Mint (M),",",#19/150,",",2017-08-30 00:34:18,) ;
"insert into album_collected (USER_ID, ALBUM_ID, MEDIA_GRADING, SLEEVE_GRADING, NOTES, DATE_ADDED) values (",1,",",191,",",Near Mint (NM or M-),",",Near Mint (NM or M-),",",Bought in concert. Setlist included !,",",2016-12-03 12:02:51,) ;
"insert into album_collected (USER_ID, ALBUM_ID, MEDIA_GRADING, SLEEVE_GRADING, NOTES, DATE_ADDED) values (",1,",",192,",",Near Mint (NM or M-),",",Near Mint (NM or M-),",",Bought In Concert. Signed !,",",2017-05-13 06:35:17,) ;
"insert into album_collected (USER_ID, ALBUM_ID, MEDIA_GRADING, SLEEVE_GRADING, NOTES, DATE_ADDED) values (",1,",",193,",",Mint (M),",",Mint (M),",",B1 skips !,",",2017-05-10 01:35:50,) ;
"insert into album_collected (USER_ID, ALBUM_ID, MEDIA_GRADING, SLEEVE_GRADING, NOTES, DATE_ADDED) values (",1,",",194,",",Very Good Plus (VG+),",",Very Good Plus (VG+),",",,",",2017-08-18 02:54:13,) ;
"insert into album_collected (USER_ID, ALBUM_ID, MEDIA_GRADING, SLEEVE_GRADING, NOTES, DATE_ADDED) values (",1,",",195,",",Mint (M),",",Mint (M),",",,",",2017-06-22 02:32:39,) ;
"insert into album_collected (USER_ID, ALBUM_ID, MEDIA_GRADING, SLEEVE_GRADING, NOTES, DATE_ADDED) values (",1,",",196,",",Mint (M),",",Mint (M),",","Special FNAC edition on red vinyl, limited to 500 copies.",",",2017-04-24 05:04:38,) ;
"insert into album_collected (USER_ID, ALBUM_ID, MEDIA_GRADING, SLEEVE_GRADING, NOTES, DATE_ADDED) values (",1,",",197,",",Near Mint (NM or M-),",",Near Mint (NM or M-),",",Transparent blue. Signed by the band.,",",2017-02-26 07:16:05,) ;
"insert into album_collected (USER_ID, ALBUM_ID, MEDIA_GRADING, SLEEVE_GRADING, NOTES, DATE_ADDED) values (",1,",",198,",",Near Mint (NM or M-),",",Near Mint (NM or M-),",",,",",2017-02-17 06:10:38,) ;
"insert into album_collected (USER_ID, ALBUM_ID, MEDIA_GRADING, SLEEVE_GRADING, NOTES, DATE_ADDED) values (",1,",",199,",",Near Mint (NM or M-),",",Near Mint (NM or M-),",",Resistance Party Pack: poster + badges+ postcards + letter + T-shirt,",",2017-09-29 07:44:54,) ;
"insert into album_collected (USER_ID, ALBUM_ID, MEDIA_GRADING, SLEEVE_GRADING, NOTES, DATE_ADDED) values (",1,",",200,",",Near Mint (NM or M-),",",Near Mint (NM or M-),",",,",",2017-10-05 05:27:53,) ;
"insert into album_collected (USER_ID, ALBUM_ID, MEDIA_GRADING, SLEEVE_GRADING, NOTES, DATE_ADDED) values (",1,",",201,",",Near Mint (NM or M-),",",Near Mint (NM or M-),",",White vinyl.,",",2017-10-26 05:48:04,) ;
"insert into album_collected (USER_ID, ALBUM_ID, MEDIA_GRADING, SLEEVE_GRADING, NOTES, DATE_ADDED) values (",1,",",202,",",Mint (M),",",Mint (M),",",Gatefold. Black Vinyl.,",",2017-04-29 07:27:13,) ;
"insert into album_collected (USER_ID, ALBUM_ID, MEDIA_GRADING, SLEEVE_GRADING, NOTES, DATE_ADDED) values (",1,",",203,",",Mint (M),",",Mint (M),",",Orange Transparent Vinyl,",",2017-04-26 01:19:50,) ;
"insert into album_collected (USER_ID, ALBUM_ID, MEDIA_GRADING, SLEEVE_GRADING, NOTES, DATE_ADDED) values (",1,",",204,",",Near Mint (NM or M-),",",Near Mint (NM or M-),",",Reçu le 13/09/2017.,",",2017-09-05 05:25:34,) ;
"insert into album_collected (USER_ID, ALBUM_ID, MEDIA_GRADING, SLEEVE_GRADING, NOTES, DATE_ADDED) values (",1,",",205,",",Very Good (VG),",",Very Good Plus (VG+),",",Many surface marks.,",",2017-08-23 11:54:31,) ;
"insert into album_collected (USER_ID, ALBUM_ID, MEDIA_GRADING, SLEEVE_GRADING, NOTES, DATE_ADDED) values (",1,",",206,",",Good Plus (G+),",",Very Good (VG),",",,",",2016-12-30 14:25:22,) ;
"insert into album_collected (USER_ID, ALBUM_ID, MEDIA_GRADING, SLEEVE_GRADING, NOTES, DATE_ADDED) values (",1,",",207,",",Very Good Plus (VG+),",",Very Good (VG),",",,",",2016-11-20 11:29:13,) ;
"insert into album_collected (USER_ID, ALBUM_ID, MEDIA_GRADING, SLEEVE_GRADING, NOTES, DATE_ADDED) values (",1,",",208,",",Near Mint (NM or M-),",",Near Mint (NM or M-),",",,",",2016-11-19 02:28:45,) ;
"insert into album_collected (USER_ID, ALBUM_ID, MEDIA_GRADING, SLEEVE_GRADING, NOTES, DATE_ADDED) values (",1,",",209,",",Very Good Plus (VG+),",",Very Good (VG),",",,",",2017-08-19 06:09:00,) ;
"insert into album_collected (USER_ID, ALBUM_ID, MEDIA_GRADING, SLEEVE_GRADING, NOTES, DATE_ADDED) values (",1,",",210,",",Near Mint (NM or M-),",",Near Mint (NM or M-),",",,",",2017-02-20 03:43:29,) ;
"insert into album_collected (USER_ID, ALBUM_ID, MEDIA_GRADING, SLEEVE_GRADING, NOTES, DATE_ADDED) values (",1,",",211,",",Near Mint (NM or M-),",",Near Mint (NM or M-),",",,",",2016-11-20 12:49:19,) ;
"insert into album_collected (USER_ID, ALBUM_ID, MEDIA_GRADING, SLEEVE_GRADING, NOTES, DATE_ADDED) values (",1,",",212,",",Very Good (VG),",",Very Good Plus (VG+),",",,",",2016-12-30 14:32:17,) ;
"insert into album_collected (USER_ID, ALBUM_ID, MEDIA_GRADING, SLEEVE_GRADING, NOTES, DATE_ADDED) values (",1,",",213,",",Very Good Plus (VG+),",",Very Good Plus (VG+),",",,",",2017-01-04 12:10:04,) ;
"insert into album_collected (USER_ID, ALBUM_ID, MEDIA_GRADING, SLEEVE_GRADING, NOTES, DATE_ADDED) values (",1,",",214,",",Near Mint (NM or M-),",",,",",,",",2017-02-12 12:29:22,) ;
"insert into album_collected (USER_ID, ALBUM_ID, MEDIA_GRADING, SLEEVE_GRADING, NOTES, DATE_ADDED) values (",1,",",215,",",,",",Poor (P),",",,",",2016-12-19 13:25:46,) ;
"insert into album_collected (USER_ID, ALBUM_ID, MEDIA_GRADING, SLEEVE_GRADING, NOTES, DATE_ADDED) values (",1,",",216,",",Very Good Plus (VG+),",",Very Good (VG),",",,",",2017-08-19 06:32:07,) ;
"insert into album_collected (USER_ID, ALBUM_ID, MEDIA_GRADING, SLEEVE_GRADING, NOTES, DATE_ADDED) values (",1,",",217,",",Near Mint (NM or M-),",",Near Mint (NM or M-),",",,",",2016-11-19 15:38:32,) ;
"insert into album_collected (USER_ID, ALBUM_ID, MEDIA_GRADING, SLEEVE_GRADING, NOTES, DATE_ADDED) values (",1,",",218,",",Fair (F),",",,",",,",",2016-12-19 13:34:36,) ;
"insert into album_collected (USER_ID, ALBUM_ID, MEDIA_GRADING, SLEEVE_GRADING, NOTES, DATE_ADDED) values (",1,",",219,",",Very Good (VG),",",Very Good Plus (VG+),",",,",",2016-12-30 13:55:22,) ;
"insert into album_collected (USER_ID, ALBUM_ID, MEDIA_GRADING, SLEEVE_GRADING, NOTES, DATE_ADDED) values (",1,",",220,",",Near Mint (NM or M-),",",Very Good Plus (VG+),",",Corner Ding.,",",2017-12-22 11:53:47,) ;
"insert into album_collected (USER_ID, ALBUM_ID, MEDIA_GRADING, SLEEVE_GRADING, NOTES, DATE_ADDED) values (",1,",",221,",",Near Mint (NM or M-),",",Near Mint (NM or M-),",",,",",2017-02-03 05:17:44,) ;
"insert into album_collected (USER_ID, ALBUM_ID, MEDIA_GRADING, SLEEVE_GRADING, NOTES, DATE_ADDED) values (",1,",",222,",",Very Good (VG),",",Very Good (VG),",",,",",2017-05-25 10:43:35,) ;
"insert into album_collected (USER_ID, ALBUM_ID, MEDIA_GRADING, SLEEVE_GRADING, NOTES, DATE_ADDED) values (",1,",",223,",",Very Good (VG),",",Good Plus (G+),",","Insert was cut. Some pin holes. And name written inside the gatefold. Otherwise, sleeve is in good condition.",",",2017-08-23 11:40:10,) ;
"insert into album_collected (USER_ID, ALBUM_ID, MEDIA_GRADING, SLEEVE_GRADING, NOTES, DATE_ADDED) values (",1,",",224,",",Very Good Plus (VG+),",",Very Good (VG),",",,",",2017-05-31 09:34:32,) ;
"insert into album_collected (USER_ID, ALBUM_ID, MEDIA_GRADING, SLEEVE_GRADING, NOTES, DATE_ADDED) values (",1,",",225,",",Near Mint (NM or M-),",",Very Good Plus (VG+),",",,",",2016-12-03 11:45:39,) ;
"insert into album_collected (USER_ID, ALBUM_ID, MEDIA_GRADING, SLEEVE_GRADING, NOTES, DATE_ADDED) values (",1,",",226,",",Very Good (VG),",",Very Good Plus (VG+),",",,",",2016-12-30 14:08:23,) ;
"insert into album_collected (USER_ID, ALBUM_ID, MEDIA_GRADING, SLEEVE_GRADING, NOTES, DATE_ADDED) values (",1,",",227,",",Good Plus (G+),",",Poor (P),",",,",",2016-12-19 13:21:02,) ;
"insert into album_collected (USER_ID, ALBUM_ID, MEDIA_GRADING, SLEEVE_GRADING, NOTES, DATE_ADDED) values (",1,",",228,",",Near Mint (NM or M-),",",Near Mint (NM or M-),",",,",",2016-11-19 15:43:05,) ;
"insert into album_collected (USER_ID, ALBUM_ID, MEDIA_GRADING, SLEEVE_GRADING, NOTES, DATE_ADDED) values (",1,",",229,",",Very Good (VG),",",Very Good (VG),",",,",",2017-05-26 09:49:49,) ;
"insert into album_collected (USER_ID, ALBUM_ID, MEDIA_GRADING, SLEEVE_GRADING, NOTES, DATE_ADDED) values (",1,",",230,",",Very Good Plus (VG+),",",Very Good (VG),",",,",",2017-06-05 06:02:36,) ;
"insert into album_collected (USER_ID, ALBUM_ID, MEDIA_GRADING, SLEEVE_GRADING, NOTES, DATE_ADDED) values (",1,",",231,",",,",",,",",,",",2017-01-04 12:54:55,) ;
"insert into album_collected (USER_ID, ALBUM_ID, MEDIA_GRADING, SLEEVE_GRADING, NOTES, DATE_ADDED) values (",1,",",232,",",Very Good (VG),",",Good (G),",",,",",2016-12-30 13:57:45,) ;
"insert into album_collected (USER_ID, ALBUM_ID, MEDIA_GRADING, SLEEVE_GRADING, NOTES, DATE_ADDED) values (",1,",",233,",",Very Good Plus (VG+),",",Near Mint (NM or M-),",",,",",2016-11-19 02:41:34,) ;
"insert into album_collected (USER_ID, ALBUM_ID, MEDIA_GRADING, SLEEVE_GRADING, NOTES, DATE_ADDED) values (",1,",",234,",",Near Mint (NM or M-),",",Near Mint (NM or M-),",",Besides Records.,",",2017-12-21 05:52:39,) ;
"insert into album_collected (USER_ID, ALBUM_ID, MEDIA_GRADING, SLEEVE_GRADING, NOTES, DATE_ADDED) values (",1,",",235,",",Mint (M),",",Mint (M),",",Audiophile quality pressing.,",",2017-04-24 05:08:02,) ;
"insert into album_collected (USER_ID, ALBUM_ID, MEDIA_GRADING, SLEEVE_GRADING, NOTES, DATE_ADDED) values (",1,",",236,",",Mint (M),",",Near Mint (NM or M-),",",Fnac 20€.,",",2017-10-02 04:50:21,) ;
"insert into album_collected (USER_ID, ALBUM_ID, MEDIA_GRADING, SLEEVE_GRADING, NOTES, DATE_ADDED) values (",1,",",237,",",Very Good Plus (VG+),",",Near Mint (NM or M-),",",,",",2017-05-05 03:27:18,) ;
"insert into album_collected (USER_ID, ALBUM_ID, MEDIA_GRADING, SLEEVE_GRADING, NOTES, DATE_ADDED) values (",1,",",238,",",Near Mint (NM or M-),",",Near Mint (NM or M-),",",,",",2016-11-28 13:23:55,) ;
"insert into album_collected (USER_ID, ALBUM_ID, MEDIA_GRADING, SLEEVE_GRADING, NOTES, DATE_ADDED) values (",1,",",239,",",Very Good Plus (VG+),",",Very Good Plus (VG+),",",,",",2016-12-30 14:13:04,) ;
"insert into album_collected (USER_ID, ALBUM_ID, MEDIA_GRADING, SLEEVE_GRADING, NOTES, DATE_ADDED) values (",1,",",240,",",Near Mint (NM or M-),",",Near Mint (NM or M-),",",,",",2016-12-26 03:10:49,) ;
"insert into album_collected (USER_ID, ALBUM_ID, MEDIA_GRADING, SLEEVE_GRADING, NOTES, DATE_ADDED) values (",1,",",241,",",Near Mint (NM or M-),",",Near Mint (NM or M-),",",Signed by the band !,",",2017-02-26 05:14:22,) ;
"insert into album_collected (USER_ID, ALBUM_ID, MEDIA_GRADING, SLEEVE_GRADING, NOTES, DATE_ADDED) values (",1,",",242,",",Near Mint (NM or M-),",",Near Mint (NM or M-),",",,",",2017-10-02 12:14:31,) ;
"insert into album_collected (USER_ID, ALBUM_ID, MEDIA_GRADING, SLEEVE_GRADING, NOTES, DATE_ADDED) values (",1,",",243,",",Very Good (VG),",",Very Good (VG),",",,",",2016-12-30 13:52:26,) ;
"insert into album_collected (USER_ID, ALBUM_ID, MEDIA_GRADING, SLEEVE_GRADING, NOTES, DATE_ADDED) values (",1,",",244,",",Good (G),",",Good (G),",",,",",2016-12-30 13:01:40,) ;
"insert into album_collected (USER_ID, ALBUM_ID, MEDIA_GRADING, SLEEVE_GRADING, NOTES, DATE_ADDED) values (",1,",",245,",",Very Good Plus (VG+),",",Near Mint (NM or M-),",",,",",2016-11-19 02:44:54,) ;
"insert into album_collected (USER_ID, ALBUM_ID, MEDIA_GRADING, SLEEVE_GRADING, NOTES, DATE_ADDED) values (",1,",",246,",",Good Plus (G+),",",Good Plus (G+),",",,",",2017-01-04 12:15:53,) ;
"insert into album_collected (USER_ID, ALBUM_ID, MEDIA_GRADING, SLEEVE_GRADING, NOTES, DATE_ADDED) values (",1,",",247,",",Near Mint (NM or M-),",",Near Mint (NM or M-),",",,",",2016-11-19 08:22:00,) ;
"insert into album_collected (USER_ID, ALBUM_ID, MEDIA_GRADING, SLEEVE_GRADING, NOTES, DATE_ADDED) values (",1,",",248,",",,",",Good Plus (G+),",",,",",2016-12-19 13:43:35,) ;
"insert into album_collected (USER_ID, ALBUM_ID, MEDIA_GRADING, SLEEVE_GRADING, NOTES, DATE_ADDED) values (",1,",",249,",",Very Good (VG),",",Very Good (VG),",",,",",2017-08-19 06:13:36,) ;
"insert into album_collected (USER_ID, ALBUM_ID, MEDIA_GRADING, SLEEVE_GRADING, NOTES, DATE_ADDED) values (",1,",",250,",",,",",,",",,",",2017-01-04 13:08:26,) ;
"insert into album_collected (USER_ID, ALBUM_ID, MEDIA_GRADING, SLEEVE_GRADING, NOTES, DATE_ADDED) values (",1,",",251,",",Very Good Plus (VG+),",",Very Good Plus (VG+),",",,",",2017-06-05 05:48:52,) ;
"insert into album_collected (USER_ID, ALBUM_ID, MEDIA_GRADING, SLEEVE_GRADING, NOTES, DATE_ADDED) values (",1,",",252,",",Very Good Plus (VG+),",",Good Plus (G+),",",,",",2017-06-05 05:54:40,) ;
"insert into album_collected (USER_ID, ALBUM_ID, MEDIA_GRADING, SLEEVE_GRADING, NOTES, DATE_ADDED) values (",1,",",253,",",Near Mint (NM or M-),",",Near Mint (NM or M-),",","Leffinge, 01/07/2017, Signed By The Band.",",",2017-07-02 02:17:23,) ;
"insert into album_collected (USER_ID, ALBUM_ID, MEDIA_GRADING, SLEEVE_GRADING, NOTES, DATE_ADDED) values (",1,",",254,",",Very Good Plus (VG+),",",Very Good Plus (VG+),",",,",",2016-12-19 12:56:28,) ;
"insert into album_collected (USER_ID, ALBUM_ID, MEDIA_GRADING, SLEEVE_GRADING, NOTES, DATE_ADDED) values (",1,",",255,",",Mint (M),",",Mint (M),",",,",",2017-02-12 12:47:03,) ;
"insert into album_collected (USER_ID, ALBUM_ID, MEDIA_GRADING, SLEEVE_GRADING, NOTES, DATE_ADDED) values (",1,",",256,",",Mint (M),",",Mint (M),",",,",",2017-10-30 06:07:54,) ;
"insert into album_collected (USER_ID, ALBUM_ID, MEDIA_GRADING, SLEEVE_GRADING, NOTES, DATE_ADDED) values (",1,",",257,",",Near Mint (NM or M-),",",Near Mint (NM or M-),",",,",",2017-12-08 01:20:57,) ;
